node_modules/next/dist/build/templates/app-page.d.ts(10,40): error TS2307: Cannot find module 'VAR_MODULE_GLOBAL_ERROR' or its corresponding type declarations.
node_modules/next/dist/build/webpack-config.d.ts(9,104): error TS2694: Namespace '"/Users/viacreativetech/Desktop/Founder Sim/node_modules/next/dist/compiled/webpack/webpack".webpack' has no exported member 'RuleSetUseItem'.
node_modules/next/dist/build/webpack/loaders/next-app-loader/index.d.ts(1,13): error TS2613: Module '"/Users/viacreativetech/Desktop/Founder Sim/node_modules/next/dist/compiled/webpack/webpack"' has no default export. Did you mean to use 'import { webpack } from "/Users/viacreativetech/Desktop/Founder Sim/node_modules/next/dist/compiled/webpack/webpack"' instead?
node_modules/next/dist/client/components/error-boundary.d.ts(1,8): error TS1259: Module '"/Users/viacreativetech/Desktop/Founder Sim/node_modules/@types/react/index"' can only be default-imported using the 'esModuleInterop' flag
node_modules/next/dist/client/components/http-access-fallback/error-boundary.d.ts(11,8): error TS1259: Module '"/Users/viacreativetech/Desktop/Founder Sim/node_modules/@types/react/index"' can only be default-imported using the 'esModuleInterop' flag
node_modules/next/dist/client/components/layout-router.d.ts(3,8): error TS1259: Module '"/Users/viacreativetech/Desktop/Founder Sim/node_modules/@types/react/index"' can only be default-imported using the 'esModuleInterop' flag
node_modules/next/dist/client/with-router.d.ts(1,8): error TS1259: Module '"/Users/viacreativetech/Desktop/Founder Sim/node_modules/@types/react/index"' can only be default-imported using the 'esModuleInterop' flag
node_modules/next/dist/server/app-render/entry-base.d.ts(1,114): error TS2307: Cannot find module 'react-server-dom-webpack/server.edge' or its corresponding type declarations.
node_modules/next/dist/server/app-render/entry-base.d.ts(2,27): error TS2307: Cannot find module 'react-server-dom-webpack/static.edge' or its corresponding type declarations.
node_modules/next/dist/server/render.d.ts(14,8): error TS1259: Module '"/Users/viacreativetech/Desktop/Founder Sim/node_modules/@types/react/index"' can only be default-imported using the 'esModuleInterop' flag
node_modules/next/dist/server/web/spec-extension/adapters/headers.d.ts(39,16): error TS2304: Cannot find name 'HeadersIterator'.
node_modules/next/dist/server/web/spec-extension/adapters/headers.d.ts(40,13): error TS2304: Cannot find name 'HeadersIterator'.
node_modules/next/dist/server/web/spec-extension/adapters/headers.d.ts(41,15): error TS2304: Cannot find name 'HeadersIterator'.
node_modules/next/dist/server/web/spec-extension/adapters/headers.d.ts(42,26): error TS2304: Cannot find name 'HeadersIterator'.
node_modules/next/dist/shared/lib/amp-context.shared-runtime.d.ts(1,8): error TS1259: Module '"/Users/viacreativetech/Desktop/Founder Sim/node_modules/@types/react/index"' can only be default-imported using the 'esModuleInterop' flag
node_modules/next/dist/shared/lib/app-router-context.shared-runtime.d.ts(4,8): error TS1259: Module '"/Users/viacreativetech/Desktop/Founder Sim/node_modules/@types/react/index"' can only be default-imported using the 'esModuleInterop' flag
node_modules/next/dist/shared/lib/head-manager-context.shared-runtime.d.ts(1,8): error TS1259: Module '"/Users/viacreativetech/Desktop/Founder Sim/node_modules/@types/react/index"' can only be default-imported using the 'esModuleInterop' flag
node_modules/next/dist/shared/lib/image-config-context.shared-runtime.d.ts(1,8): error TS1259: Module '"/Users/viacreativetech/Desktop/Founder Sim/node_modules/@types/react/index"' can only be default-imported using the 'esModuleInterop' flag
node_modules/next/dist/shared/lib/loadable-context.shared-runtime.d.ts(1,8): error TS1259: Module '"/Users/viacreativetech/Desktop/Founder Sim/node_modules/@types/react/index"' can only be default-imported using the 'esModuleInterop' flag
node_modules/next/dist/shared/lib/loadable.shared-runtime.d.ts(21,8): error TS1259: Module '"/Users/viacreativetech/Desktop/Founder Sim/node_modules/@types/react/index"' can only be default-imported using the 'esModuleInterop' flag
node_modules/next/dist/shared/lib/router-context.shared-runtime.d.ts(1,8): error TS1259: Module '"/Users/viacreativetech/Desktop/Founder Sim/node_modules/@types/react/index"' can only be default-imported using the 'esModuleInterop' flag
node_modules/next/dist/shared/lib/server-inserted-html.shared-runtime.d.ts(1,8): error TS1259: Module '"/Users/viacreativetech/Desktop/Founder Sim/node_modules/@types/react/index"' can only be default-imported using the 'esModuleInterop' flag
node_modules/next/dist/shared/lib/utils.d.ts(10,13): error TS1192: Module '"fs"' has no default export.
node_modules/next/dist/types.d.ts(8,13): error TS1259: Module '"/Users/viacreativetech/Desktop/Founder Sim/node_modules/@types/react/index"' can only be default-imported using the 'esModuleInterop' flag
node_modules/sonner/dist/index.d.ts(1,8): error TS1259: Module '"/Users/viacreativetech/Desktop/Founder Sim/node_modules/@types/react/index"' can only be default-imported using the 'esModuleInterop' flag
src/app/dashboard/page.tsx(5,26): error TS2307: Cannot find module '@/components/ThemeProvider' or its corresponding type declarations.
src/app/dashboard/page.tsx(6,58): error TS2307: Cannot find module '@/components/ui/card' or its corresponding type declarations.
src/app/dashboard/page.tsx(7,24): error TS2307: Cannot find module '@/components/ui/button' or its corresponding type declarations.
src/app/dashboard/page.tsx(8,26): error TS2307: Cannot find module '@/components/ui/progress' or its corresponding type declarations.
src/app/dashboard/page.tsx(9,28): error TS2307: Cannot find module '@/components/ui/scroll-area' or its corresponding type declarations.
src/app/dashboard/page.tsx(10,27): error TS2307: Cannot find module '@/components/ui/separator' or its corresponding type declarations.
src/app/dashboard/page.tsx(12,58): error TS2307: Cannot find module '@/components/ui/tabs' or its corresponding type declarations.
src/app/dashboard/page.tsx(13,79): error TS2307: Cannot find module '@/components/ui/table' or its corresponding type declarations.
src/app/dashboard/page.tsx(14,168): error TS2307: Cannot find module '@/lib/engine/simulation' or its corresponding type declarations.
src/app/dashboard/page.tsx(15,90): error TS2307: Cannot find module '@/lib/engine/funding' or its corresponding type declarations.
src/app/dashboard/page.tsx(16,66): error TS2307: Cannot find module '@/lib/engine/legacy' or its corresponding type declarations.
src/app/dashboard/page.tsx(17,42): error TS2307: Cannot find module '@/lib/engine/manda' or its corresponding type declarations.
src/app/dashboard/page.tsx(18,32): error TS2307: Cannot find module '@/lib/engine/events' or its corresponding type declarations.
src/app/dashboard/page.tsx(19,75): error TS2307: Cannot find module '@/lib/engine/ai' or its corresponding type declarations.
src/app/dashboard/page.tsx(20,77): error TS2307: Cannot find module '@/lib/engine/competitors' or its corresponding type declarations.
src/app/dashboard/page.tsx(21,76): error TS2307: Cannot find module '@/lib/engine/mentorship' or its corresponding type declarations.
src/app/dashboard/page.tsx(22,33): error TS2307: Cannot find module '@/components/CharacterDialog' or its corresponding type declarations.
src/app/dashboard/page.tsx(23,36): error TS2307: Cannot find module '@/components/SamOnboardingModal' or its corresponding type declarations.
src/app/dashboard/page.tsx(24,35): error TS2307: Cannot find module '@/components/EarningsCallModal' or its corresponding type declarations.
src/app/dashboard/page.tsx(25,106): error TS2307: Cannot find module '@/lib/engine/storyline' or its corresponding type declarations.
src/app/dashboard/page.tsx(26,36): error TS2307: Cannot find module '@/components/PublicMarketTicker' or its corresponding type declarations.
src/app/dashboard/page.tsx(27,48): error TS2307: Cannot find module '@/lib/engine/achievements' or its corresponding type declarations.
src/app/dashboard/page.tsx(28,96): error TS2307: Cannot find module '@/lib/engine/publicMarket' or its corresponding type declarations.
src/app/dashboard/page.tsx(29,115): error TS2307: Cannot find module '@/lib/engine/dynamicImpact' or its corresponding type declarations.
src/app/dashboard/page.tsx(30,32): error TS2307: Cannot find module '@/lib/services/reviewService' or its corresponding type declarations.
src/app/dashboard/page.tsx(31,121): error TS2307: Cannot find module '@/lib/engine/actions' or its corresponding type declarations.
src/app/dashboard/page.tsx(32,136): error TS2307: Cannot find module '@/lib/engine/ongoingPrograms' or its corresponding type declarations.
src/app/dashboard/page.tsx(33,148): error TS2307: Cannot find module '@/lib/engine/crisisEngine' or its corresponding type declarations.
src/app/dashboard/page.tsx(34,162): error TS2307: Cannot find module '@/lib/engine/skillWeb' or its corresponding type declarations.
src/app/dashboard/page.tsx(35,76): error TS2307: Cannot find module '@/components/EventModal' or its corresponding type declarations.
src/app/dashboard/page.tsx(36,85): error TS2307: Cannot find module '@/components/ui/dialog' or its corresponding type declarations.
src/app/dashboard/page.tsx(37,30): error TS2307: Cannot find module '@/components/ConfirmModal' or its corresponding type declarations.
src/app/dashboard/page.tsx(38,113): error TS2307: Cannot find module '@/components/ui/dropdown-menu' or its corresponding type declarations.
src/app/dashboard/page.tsx(39,92): error TS2307: Cannot find module '@/lib/types/database.types' or its corresponding type declarations.
src/app/dashboard/page.tsx(40,26): error TS2307: Cannot find module '@/app/page' or its corresponding type declarations.
src/app/dashboard/page.tsx(41,87): error TS2307: Cannot find module '@/lib/engine/negotiations' or its corresponding type declarations.
src/app/dashboard/page.tsx(42,62): error TS2307: Cannot find module '@/lib/engine/negotiations' or its corresponding type declarations.
src/app/dashboard/page.tsx(45,54): error TS2307: Cannot find module '@/lib/os/review' or its corresponding type declarations.
src/app/dashboard/page.tsx(46,34): error TS2307: Cannot find module '@/components/HowToPlay' or its corresponding type declarations.
src/app/dashboard/page.tsx(63,9): error TS17004: Cannot use JSX unless the '--jsx' flag is provided.
src/app/dashboard/page.tsx(71,47): error TS2307: Cannot find module '@/lib/utils' or its corresponding type declarations.
src/app/dashboard/page.tsx(72,27): error TS2307: Cannot find module '@/lib/services/adService' or its corresponding type declarations.
src/app/dashboard/page.tsx(73,34): error TS2307: Cannot find module '@/lib/services/analyticsService' or its corresponding type declarations.
src/app/dashboard/page.tsx(74,28): error TS2307: Cannot find module '@/lib/services/iapService' or its corresponding type declarations.
src/app/dashboard/page.tsx(75,35): error TS2307: Cannot find module '@/lib/engine/strategyPlaybook' or its corresponding type declarations.
src/app/dashboard/page.tsx(76,58): error TS2307: Cannot find module '@/lib/audio' or its corresponding type declarations.
src/app/dashboard/page.tsx(77,38): error TS2307: Cannot find module '@/components/NetworkStatusOverlay' or its corresponding type declarations.
src/app/dashboard/page.tsx(321,9): error TS17004: Cannot use JSX unless the '--jsx' flag is provided.
src/app/dashboard/page.tsx(322,13): error TS17004: Cannot use JSX unless the '--jsx' flag is provided.
src/app/dashboard/page.tsx(323,17): error TS17004: Cannot use JSX unless the '--jsx' flag is provided.
src/app/dashboard/page.tsx(324,17): error TS17004: Cannot use JSX unless the '--jsx' flag is provided.
src/app/dashboard/page.tsx(326,13): error TS17004: Cannot use JSX unless the '--jsx' flag is provided.
src/app/dashboard/page.tsx(327,17): error TS17004: Cannot use JSX unless the '--jsx' flag is provided.
src/app/dashboard/page.tsx(334,12): error TS17004: Cannot use JSX unless the '--jsx' flag is provided.
src/app/dashboard/page.tsx(339,9): error TS17004: Cannot use JSX unless the '--jsx' flag is provided.
src/app/dashboard/page.tsx(346,13): error TS17004: Cannot use JSX unless the '--jsx' flag is provided.
src/app/dashboard/page.tsx(347,17): error TS17004: Cannot use JSX unless the '--jsx' flag is provided.
src/app/dashboard/page.tsx(348,17): error TS17004: Cannot use JSX unless the '--jsx' flag is provided.
src/app/dashboard/page.tsx(350,25): error TS17004: Cannot use JSX unless the '--jsx' flag is provided.
src/app/dashboard/page.tsx(354,29): error TS17004: Cannot use JSX unless the '--jsx' flag is provided.
src/app/dashboard/page.tsx(357,37): error TS17004: Cannot use JSX unless the '--jsx' flag is provided.
src/app/dashboard/page.tsx(360,13): error TS17004: Cannot use JSX unless the '--jsx' flag is provided.
src/app/dashboard/page.tsx(361,21): error TS17004: Cannot use JSX unless the '--jsx' flag is provided.
src/app/dashboard/page.tsx(363,13): error TS17004: Cannot use JSX unless the '--jsx' flag is provided.
src/app/dashboard/page.tsx(365,21): error TS17004: Cannot use JSX unless the '--jsx' flag is provided.
src/app/dashboard/page.tsx(371,25): error TS17004: Cannot use JSX unless the '--jsx' flag is provided.
src/app/dashboard/page.tsx(383,9): error TS17004: Cannot use JSX unless the '--jsx' flag is provided.
src/app/dashboard/page.tsx(387,13): error TS17004: Cannot use JSX unless the '--jsx' flag is provided.
src/app/dashboard/page.tsx(388,13): error TS17004: Cannot use JSX unless the '--jsx' flag is provided.
src/app/dashboard/page.tsx(389,17): error TS17004: Cannot use JSX unless the '--jsx' flag is provided.
src/app/dashboard/page.tsx(390,25): error TS17004: Cannot use JSX unless the '--jsx' flag is provided.
src/app/dashboard/page.tsx(392,24): error TS17004: Cannot use JSX unless the '--jsx' flag is provided.
src/app/dashboard/page.tsx(392,109): error TS17004: Cannot use JSX unless the '--jsx' flag is provided.
src/app/dashboard/page.tsx(399,9): error TS17004: Cannot use JSX unless the '--jsx' flag is provided.
src/app/dashboard/page.tsx(400,13): error TS17004: Cannot use JSX unless the '--jsx' flag is provided.
src/app/dashboard/page.tsx(404,17): error TS17004: Cannot use JSX unless the '--jsx' flag is provided.
src/app/dashboard/page.tsx(405,21): error TS17004: Cannot use JSX unless the '--jsx' flag is provided.
src/app/dashboard/page.tsx(406,37): error TS17004: Cannot use JSX unless the '--jsx' flag is provided.
src/app/dashboard/page.tsx(408,17): error TS17004: Cannot use JSX unless the '--jsx' flag is provided.
src/app/dashboard/page.tsx(410,13): error TS17004: Cannot use JSX unless the '--jsx' flag is provided.
src/app/dashboard/page.tsx(412,21): error TS17004: Cannot use JSX unless the '--jsx' flag is provided.
src/app/dashboard/page.tsx(418,25): error TS17004: Cannot use JSX unless the '--jsx' flag is provided.
src/app/dashboard/page.tsx(430,9): error TS17004: Cannot use JSX unless the '--jsx' flag is provided.
src/app/dashboard/page.tsx(431,13): error TS17004: Cannot use JSX unless the '--jsx' flag is provided.
src/app/dashboard/page.tsx(432,13): error TS17004: Cannot use JSX unless the '--jsx' flag is provided.
src/app/dashboard/page.tsx(452,12): error TS17004: Cannot use JSX unless the '--jsx' flag is provided.
src/app/dashboard/page.tsx(507,36): error TS2307: Cannot find module '@/lib/types/database.types' or its corresponding type declarations.
src/app/dashboard/page.tsx(574,13): error TS17004: Cannot use JSX unless the '--jsx' flag is provided.
src/app/dashboard/page.tsx(577,17): error TS17004: Cannot use JSX unless the '--jsx' flag is provided.
src/app/dashboard/page.tsx(578,17): error TS17004: Cannot use JSX unless the '--jsx' flag is provided.
src/app/dashboard/page.tsx(579,21): error TS17004: Cannot use JSX unless the '--jsx' flag is provided.
src/app/dashboard/page.tsx(580,21): error TS17004: Cannot use JSX unless the '--jsx' flag is provided.
src/app/dashboard/page.tsx(582,17): error TS17004: Cannot use JSX unless the '--jsx' flag is provided.
src/app/dashboard/page.tsx(583,21): error TS17004: Cannot use JSX unless the '--jsx' flag is provided.
src/app/dashboard/page.tsx(584,21): error TS17004: Cannot use JSX unless the '--jsx' flag is provided.
src/app/dashboard/page.tsx(586,29): error TS17004: Cannot use JSX unless the '--jsx' flag is provided.
src/app/dashboard/page.tsx(588,25): error TS17004: Cannot use JSX unless the '--jsx' flag is provided.
src/app/dashboard/page.tsx(596,9): error TS17004: Cannot use JSX unless the '--jsx' flag is provided.
src/app/dashboard/page.tsx(597,13): error TS17004: Cannot use JSX unless the '--jsx' flag is provided.
src/app/dashboard/page.tsx(598,17): error TS17004: Cannot use JSX unless the '--jsx' flag is provided.
src/app/dashboard/page.tsx(599,17): error TS17004: Cannot use JSX unless the '--jsx' flag is provided.
src/app/dashboard/page.tsx(600,21): error TS17004: Cannot use JSX unless the '--jsx' flag is provided.
src/app/dashboard/page.tsx(601,21): error TS17004: Cannot use JSX unless the '--jsx' flag is provided.
src/app/dashboard/page.tsx(650,13): error TS17004: Cannot use JSX unless the '--jsx' flag is provided.
src/app/dashboard/page.tsx(651,17): error TS17004: Cannot use JSX unless the '--jsx' flag is provided.
src/app/dashboard/page.tsx(652,17): error TS17004: Cannot use JSX unless the '--jsx' flag is provided.
src/app/dashboard/page.tsx(663,13): error TS17004: Cannot use JSX unless the '--jsx' flag is provided.
src/app/dashboard/page.tsx(677,25): error TS17004: Cannot use JSX unless the '--jsx' flag is provided.
src/app/dashboard/page.tsx(678,29): error TS17004: Cannot use JSX unless the '--jsx' flag is provided.
src/app/dashboard/page.tsx(679,33): error TS17004: Cannot use JSX unless the '--jsx' flag is provided.
src/app/dashboard/page.tsx(680,37): error TS17004: Cannot use JSX unless the '--jsx' flag is provided.
src/app/dashboard/page.tsx(681,41): error TS17004: Cannot use JSX unless the '--jsx' flag is provided.
src/app/dashboard/page.tsx(682,41): error TS17004: Cannot use JSX unless the '--jsx' flag is provided.
src/app/dashboard/page.tsx(684,37): error TS17004: Cannot use JSX unless the '--jsx' flag is provided.
src/app/dashboard/page.tsx(685,41): error TS17004: Cannot use JSX unless the '--jsx' flag is provided.
src/app/dashboard/page.tsx(686,41): error TS17004: Cannot use JSX unless the '--jsx' flag is provided.
src/app/dashboard/page.tsx(689,33): error TS17004: Cannot use JSX unless the '--jsx' flag is provided.
src/app/dashboard/page.tsx(690,37): error TS17004: Cannot use JSX unless the '--jsx' flag is provided.
src/app/dashboard/page.tsx(695,29): error TS17004: Cannot use JSX unless the '--jsx' flag is provided.
src/app/dashboard/page.tsx(696,33): error TS17004: Cannot use JSX unless the '--jsx' flag is provided.
src/app/dashboard/page.tsx(697,37): error TS17004: Cannot use JSX unless the '--jsx' flag is provided.
src/app/dashboard/page.tsx(698,37): error TS17004: Cannot use JSX unless the '--jsx' flag is provided.
src/app/dashboard/page.tsx(700,33): error TS17004: Cannot use JSX unless the '--jsx' flag is provided.
src/app/dashboard/page.tsx(701,37): error TS17004: Cannot use JSX unless the '--jsx' flag is provided.
src/app/dashboard/page.tsx(703,33): error TS17004: Cannot use JSX unless the '--jsx' flag is provided.
src/app/dashboard/page.tsx(709,33): error TS17004: Cannot use JSX unless the '--jsx' flag is provided.
src/app/dashboard/page.tsx(717,17): error TS17004: Cannot use JSX unless the '--jsx' flag is provided.
src/app/dashboard/page.tsx(718,17): error TS17004: Cannot use JSX unless the '--jsx' flag is provided.
src/app/dashboard/page.tsx(722,17): error TS17004: Cannot use JSX unless the '--jsx' flag is provided.
src/app/dashboard/page.tsx(723,21): error TS17004: Cannot use JSX unless the '--jsx' flag is provided.
src/app/dashboard/page.tsx(724,21): error TS17004: Cannot use JSX unless the '--jsx' flag is provided.
src/app/dashboard/page.tsx(729,17): error TS17004: Cannot use JSX unless the '--jsx' flag is provided.
src/app/dashboard/page.tsx(737,29): error TS17004: Cannot use JSX unless the '--jsx' flag is provided.
src/app/dashboard/page.tsx(738,33): error TS17004: Cannot use JSX unless the '--jsx' flag is provided.
src/app/dashboard/page.tsx(739,37): error TS17004: Cannot use JSX unless the '--jsx' flag is provided.
src/app/dashboard/page.tsx(740,37): error TS17004: Cannot use JSX unless the '--jsx' flag is provided.
src/app/dashboard/page.tsx(742,41): error TS17004: Cannot use JSX unless the '--jsx' flag is provided.
src/app/dashboard/page.tsx(745,33): error TS17004: Cannot use JSX unless the '--jsx' flag is provided.
src/app/dashboard/page.tsx(758,33): error TS17004: Cannot use JSX unless the '--jsx' flag is provided.
src/app/dashboard/page.tsx(759,37): error TS17004: Cannot use JSX unless the '--jsx' flag is provided.
src/app/dashboard/page.tsx(760,37): error TS17004: Cannot use JSX unless the '--jsx' flag is provided.
src/app/dashboard/page.tsx(761,37): error TS17004: Cannot use JSX unless the '--jsx' flag is provided.
src/app/dashboard/page.tsx(766,37): error TS17004: Cannot use JSX unless the '--jsx' flag is provided.
src/app/dashboard/page.tsx(767,41): error TS17004: Cannot use JSX unless the '--jsx' flag is provided.
src/app/dashboard/page.tsx(768,45): error TS17004: Cannot use JSX unless the '--jsx' flag is provided.
src/app/dashboard/page.tsx(769,45): error TS17004: Cannot use JSX unless the '--jsx' flag is provided.
src/app/dashboard/page.tsx(771,41): error TS17004: Cannot use JSX unless the '--jsx' flag is provided.
src/app/dashboard/page.tsx(791,41): error TS17004: Cannot use JSX unless the '--jsx' flag is provided.
src/app/dashboard/page.tsx(792,45): error TS17004: Cannot use JSX unless the '--jsx' flag is provided.
src/app/dashboard/page.tsx(793,49): error TS17004: Cannot use JSX unless the '--jsx' flag is provided.
src/app/dashboard/page.tsx(796,49): error TS17004: Cannot use JSX unless the '--jsx' flag is provided.
src/app/dashboard/page.tsx(800,45): error TS17004: Cannot use JSX unless the '--jsx' flag is provided.
src/app/dashboard/page.tsx(801,49): error TS17004: Cannot use JSX unless the '--jsx' flag is provided.
src/app/dashboard/page.tsx(802,49): error TS17004: Cannot use JSX unless the '--jsx' flag is provided.
src/app/dashboard/page.tsx(806,45): error TS17004: Cannot use JSX unless the '--jsx' flag is provided.
src/app/dashboard/page.tsx(807,49): error TS17004: Cannot use JSX unless the '--jsx' flag is provided.
src/app/dashboard/page.tsx(810,49): error TS17004: Cannot use JSX unless the '--jsx' flag is provided.
src/app/dashboard/page.tsx(845,25): error TS17004: Cannot use JSX unless the '--jsx' flag is provided.
src/app/dashboard/page.tsx(846,29): error TS17004: Cannot use JSX unless the '--jsx' flag is provided.
src/app/dashboard/page.tsx(847,29): error TS17004: Cannot use JSX unless the '--jsx' flag is provided.
src/app/dashboard/page.tsx(847,79): error TS17004: Cannot use JSX unless the '--jsx' flag is provided.
src/app/dashboard/page.tsx(848,29): error TS17004: Cannot use JSX unless the '--jsx' flag is provided.
src/app/dashboard/page.tsx(848,69): error TS17004: Cannot use JSX unless the '--jsx' flag is provided.
src/app/dashboard/page.tsx(859,25): error TS17004: Cannot use JSX unless the '--jsx' flag is provided.
src/app/dashboard/page.tsx(860,29): error TS17004: Cannot use JSX unless the '--jsx' flag is provided.
src/app/dashboard/page.tsx(861,33): error TS17004: Cannot use JSX unless the '--jsx' flag is provided.
src/app/dashboard/page.tsx(863,29): error TS17004: Cannot use JSX unless the '--jsx' flag is provided.
src/app/dashboard/page.tsx(864,33): error TS17004: Cannot use JSX unless the '--jsx' flag is provided.
src/app/dashboard/page.tsx(865,37): error TS17004: Cannot use JSX unless the '--jsx' flag is provided.
src/app/dashboard/page.tsx(866,37): error TS17004: Cannot use JSX unless the '--jsx' flag is provided.
src/app/dashboard/page.tsx(867,41): error TS17004: Cannot use JSX unless the '--jsx' flag is provided.
src/app/dashboard/page.tsx(868,41): error TS17004: Cannot use JSX unless the '--jsx' flag is provided.
src/app/dashboard/page.tsx(871,33): error TS17004: Cannot use JSX unless the '--jsx' flag is provided.
src/app/dashboard/page.tsx(872,37): error TS17004: Cannot use JSX unless the '--jsx' flag is provided.
src/app/dashboard/page.tsx(873,37): error TS17004: Cannot use JSX unless the '--jsx' flag is provided.
src/app/dashboard/page.tsx(874,41): error TS17004: Cannot use JSX unless the '--jsx' flag is provided.
src/app/dashboard/page.tsx(875,41): error TS17004: Cannot use JSX unless the '--jsx' flag is provided.
src/app/dashboard/page.tsx(878,33): error TS17004: Cannot use JSX unless the '--jsx' flag is provided.
src/app/dashboard/page.tsx(879,37): error TS17004: Cannot use JSX unless the '--jsx' flag is provided.
src/app/dashboard/page.tsx(880,37): error TS17004: Cannot use JSX unless the '--jsx' flag is provided.
src/app/dashboard/page.tsx(881,41): error TS17004: Cannot use JSX unless the '--jsx' flag is provided.
src/app/dashboard/page.tsx(882,41): error TS17004: Cannot use JSX unless the '--jsx' flag is provided.
src/app/dashboard/page.tsx(885,33): error TS17004: Cannot use JSX unless the '--jsx' flag is provided.
src/app/dashboard/page.tsx(886,37): error TS17004: Cannot use JSX unless the '--jsx' flag is provided.
src/app/dashboard/page.tsx(887,37): error TS17004: Cannot use JSX unless the '--jsx' flag is provided.
src/app/dashboard/page.tsx(888,41): error TS17004: Cannot use JSX unless the '--jsx' flag is provided.
src/app/dashboard/page.tsx(889,41): error TS17004: Cannot use JSX unless the '--jsx' flag is provided.
src/app/dashboard/page.tsx(898,21): error TS17004: Cannot use JSX unless the '--jsx' flag is provided.
src/app/dashboard/page.tsx(899,25): error TS17004: Cannot use JSX unless the '--jsx' flag is provided.
src/app/dashboard/page.tsx(900,25): error TS17004: Cannot use JSX unless the '--jsx' flag is provided.
src/app/dashboard/page.tsx(901,25): error TS17004: Cannot use JSX unless the '--jsx' flag is provided.
src/app/dashboard/page.tsx(902,25): error TS17004: Cannot use JSX unless the '--jsx' flag is provided.
src/app/dashboard/page.tsx(903,25): error TS17004: Cannot use JSX unless the '--jsx' flag is provided.
src/app/dashboard/page.tsx(907,17): error TS17004: Cannot use JSX unless the '--jsx' flag is provided.
src/app/dashboard/page.tsx(908,21): error TS17004: Cannot use JSX unless the '--jsx' flag is provided.
src/app/dashboard/page.tsx(909,21): error TS17004: Cannot use JSX unless the '--jsx' flag is provided.
src/app/dashboard/page.tsx(910,21): error TS17004: Cannot use JSX unless the '--jsx' flag is provided.
src/app/dashboard/page.tsx(911,21): error TS17004: Cannot use JSX unless the '--jsx' flag is provided.
src/app/dashboard/page.tsx(912,21): error TS17004: Cannot use JSX unless the '--jsx' flag is provided.
src/app/dashboard/page.tsx(927,13): error TS17004: Cannot use JSX unless the '--jsx' flag is provided.
src/app/dashboard/page.tsx(931,17): error TS17004: Cannot use JSX unless the '--jsx' flag is provided.
src/app/dashboard/page.tsx(932,21): error TS17004: Cannot use JSX unless the '--jsx' flag is provided.
src/app/dashboard/page.tsx(933,25): error TS17004: Cannot use JSX unless the '--jsx' flag is provided.
src/app/dashboard/page.tsx(934,25): error TS17004: Cannot use JSX unless the '--jsx' flag is provided.
src/app/dashboard/page.tsx(936,21): error TS17004: Cannot use JSX unless the '--jsx' flag is provided.
src/app/dashboard/page.tsx(937,25): error TS17004: Cannot use JSX unless the '--jsx' flag is provided.
src/app/dashboard/page.tsx(938,25): error TS17004: Cannot use JSX unless the '--jsx' flag is provided.
src/app/dashboard/page.tsx(940,21): error TS17004: Cannot use JSX unless the '--jsx' flag is provided.
src/app/dashboard/page.tsx(941,25): error TS17004: Cannot use JSX unless the '--jsx' flag is provided.
src/app/dashboard/page.tsx(942,25): error TS17004: Cannot use JSX unless the '--jsx' flag is provided.
src/app/dashboard/page.tsx(957,25): error TS17004: Cannot use JSX unless the '--jsx' flag is provided.
src/app/dashboard/page.tsx(958,29): error TS17004: Cannot use JSX unless the '--jsx' flag is provided.
src/app/dashboard/page.tsx(959,33): error TS17004: Cannot use JSX unless the '--jsx' flag is provided.
src/app/dashboard/page.tsx(960,37): error TS17004: Cannot use JSX unless the '--jsx' flag is provided.
src/app/dashboard/page.tsx(961,37): error TS17004: Cannot use JSX unless the '--jsx' flag is provided.
src/app/dashboard/page.tsx(963,33): error TS17004: Cannot use JSX unless the '--jsx' flag is provided.
src/app/dashboard/page.tsx(964,37): error TS17004: Cannot use JSX unless the '--jsx' flag is provided.
src/app/dashboard/page.tsx(965,37): error TS17004: Cannot use JSX unless the '--jsx' flag is provided.
src/app/dashboard/page.tsx(968,29): error TS17004: Cannot use JSX unless the '--jsx' flag is provided.
src/app/dashboard/page.tsx(969,33): error TS17004: Cannot use JSX unless the '--jsx' flag is provided.
src/app/dashboard/page.tsx(972,33): error TS17004: Cannot use JSX unless the '--jsx' flag is provided.
src/app/dashboard/page.tsx(980,17): error TS17004: Cannot use JSX unless the '--jsx' flag is provided.
src/app/dashboard/page.tsx(981,21): error TS17004: Cannot use JSX unless the '--jsx' flag is provided.
src/app/dashboard/page.tsx(982,25): error TS17004: Cannot use JSX unless the '--jsx' flag is provided.
src/app/dashboard/page.tsx(983,25): error TS17004: Cannot use JSX unless the '--jsx' flag is provided.
src/app/dashboard/page.tsx(985,21): error TS17004: Cannot use JSX unless the '--jsx' flag is provided.
src/app/dashboard/page.tsx(986,21): error TS17004: Cannot use JSX unless the '--jsx' flag is provided.
src/app/dashboard/page.tsx(987,25): error TS17004: Cannot use JSX unless the '--jsx' flag is provided.
src/app/dashboard/page.tsx(988,25): error TS17004: Cannot use JSX unless the '--jsx' flag is provided.
src/app/dashboard/page.tsx(990,21): error TS17004: Cannot use JSX unless the '--jsx' flag is provided.
src/app/dashboard/page.tsx(991,21): error TS17004: Cannot use JSX unless the '--jsx' flag is provided.
src/app/dashboard/page.tsx(992,25): error TS17004: Cannot use JSX unless the '--jsx' flag is provided.
src/app/dashboard/page.tsx(993,25): error TS17004: Cannot use JSX unless the '--jsx' flag is provided.
src/app/dashboard/page.tsx(1003,25): error TS17004: Cannot use JSX unless the '--jsx' flag is provided.
src/app/dashboard/page.tsx(1004,29): error TS17004: Cannot use JSX unless the '--jsx' flag is provided.
src/app/dashboard/page.tsx(1005,29): error TS17004: Cannot use JSX unless the '--jsx' flag is provided.
src/app/dashboard/page.tsx(1006,29): error TS17004: Cannot use JSX unless the '--jsx' flag is provided.
src/app/dashboard/page.tsx(1010,17): error TS17004: Cannot use JSX unless the '--jsx' flag is provided.
src/app/dashboard/page.tsx(1011,36): error TS17004: Cannot use JSX unless the '--jsx' flag is provided.
src/app/dashboard/page.tsx(1013,17): error TS17004: Cannot use JSX unless the '--jsx' flag is provided.
src/app/dashboard/page.tsx(1016,17): error TS17004: Cannot use JSX unless the '--jsx' flag is provided.
src/app/dashboard/page.tsx(1023,25): error TS17004: Cannot use JSX unless the '--jsx' flag is provided.
src/app/dashboard/page.tsx(1026,29): error TS17004: Cannot use JSX unless the '--jsx' flag is provided.
src/app/dashboard/page.tsx(1027,29): error TS17004: Cannot use JSX unless the '--jsx' flag is provided.
src/app/dashboard/page.tsx(1028,33): error TS17004: Cannot use JSX unless the '--jsx' flag is provided.
src/app/dashboard/page.tsx(1031,54): error TS17004: Cannot use JSX unless the '--jsx' flag is provided.
src/app/dashboard/page.tsx(1032,29): error TS17004: Cannot use JSX unless the '--jsx' flag is provided.
src/app/dashboard/page.tsx(1033,33): error TS17004: Cannot use JSX unless the '--jsx' flag is provided.
src/app/dashboard/page.tsx(1068,13): error TS17004: Cannot use JSX unless the '--jsx' flag is provided.
src/app/dashboard/page.tsx(1076,25): error TS17004: Cannot use JSX unless the '--jsx' flag is provided.
src/app/dashboard/page.tsx(1077,29): error TS17004: Cannot use JSX unless the '--jsx' flag is provided.
src/app/dashboard/page.tsx(1078,29): error TS17004: Cannot use JSX unless the '--jsx' flag is provided.
src/app/dashboard/page.tsx(1084,17): error TS17004: Cannot use JSX unless the '--jsx' flag is provided.
src/app/dashboard/page.tsx(1085,21): error TS17004: Cannot use JSX unless the '--jsx' flag is provided.
src/app/dashboard/page.tsx(1086,25): error TS17004: Cannot use JSX unless the '--jsx' flag is provided.
src/app/dashboard/page.tsx(1087,29): error TS17004: Cannot use JSX unless the '--jsx' flag is provided.
src/app/dashboard/page.tsx(1089,25): error TS17004: Cannot use JSX unless the '--jsx' flag is provided.
src/app/dashboard/page.tsx(1093,21): error TS17004: Cannot use JSX unless the '--jsx' flag is provided.
src/app/dashboard/page.tsx(1096,21): error TS17004: Cannot use JSX unless the '--jsx' flag is provided.
src/app/dashboard/page.tsx(1103,25): error TS17004: Cannot use JSX unless the '--jsx' flag is provided.
src/app/dashboard/page.tsx(1141,29): error TS17004: Cannot use JSX unless the '--jsx' flag is provided.
src/app/dashboard/page.tsx(1142,33): error TS17004: Cannot use JSX unless the '--jsx' flag is provided.
src/app/dashboard/page.tsx(1143,37): error TS17004: Cannot use JSX unless the '--jsx' flag is provided.
src/app/dashboard/page.tsx(1144,41): error TS17004: Cannot use JSX unless the '--jsx' flag is provided.
src/app/dashboard/page.tsx(1145,41): error TS17004: Cannot use JSX unless the '--jsx' flag is provided.
src/app/dashboard/page.tsx(1147,37): error TS17004: Cannot use JSX unless the '--jsx' flag is provided.
src/app/dashboard/page.tsx(1148,41): error TS17004: Cannot use JSX unless the '--jsx' flag is provided.
src/app/dashboard/page.tsx(1149,41): error TS17004: Cannot use JSX unless the '--jsx' flag is provided.
src/app/dashboard/page.tsx(1152,33): error TS17004: Cannot use JSX unless the '--jsx' flag is provided.
src/app/dashboard/page.tsx(1153,37): error TS17004: Cannot use JSX unless the '--jsx' flag is provided.
src/app/dashboard/page.tsx(1154,41): error TS17004: Cannot use JSX unless the '--jsx' flag is provided.
src/app/dashboard/page.tsx(1157,41): error TS17004: Cannot use JSX unless the '--jsx' flag is provided.
src/app/dashboard/page.tsx(1159,37): error TS17004: Cannot use JSX unless the '--jsx' flag is provided.
src/app/dashboard/page.tsx(1160,41): error TS17004: Cannot use JSX unless the '--jsx' flag is provided.
src/app/dashboard/page.tsx(1161,41): error TS17004: Cannot use JSX unless the '--jsx' flag is provided.
src/app/dashboard/page.tsx(1165,37): error TS17004: Cannot use JSX unless the '--jsx' flag is provided.
src/app/dashboard/page.tsx(1166,41): error TS17004: Cannot use JSX unless the '--jsx' flag is provided.
src/app/dashboard/page.tsx(1167,41): error TS17004: Cannot use JSX unless the '--jsx' flag is provided.
src/app/dashboard/page.tsx(1177,25): error TS17004: Cannot use JSX unless the '--jsx' flag is provided.
src/app/dashboard/page.tsx(1179,29): error TS17004: Cannot use JSX unless the '--jsx' flag is provided.
src/app/dashboard/page.tsx(1180,33): error TS17004: Cannot use JSX unless the '--jsx' flag is provided.
src/app/dashboard/page.tsx(1181,37): error TS17004: Cannot use JSX unless the '--jsx' flag is provided.
src/app/dashboard/page.tsx(1182,37): error TS17004: Cannot use JSX unless the '--jsx' flag is provided.
src/app/dashboard/page.tsx(1184,33): error TS17004: Cannot use JSX unless the '--jsx' flag is provided.
src/app/dashboard/page.tsx(1185,37): error TS17004: Cannot use JSX unless the '--jsx' flag is provided.
src/app/dashboard/page.tsx(1186,37): error TS17004: Cannot use JSX unless the '--jsx' flag is provided.
src/app/dashboard/page.tsx(1188,33): error TS17004: Cannot use JSX unless the '--jsx' flag is provided.
src/app/dashboard/page.tsx(1189,37): error TS17004: Cannot use JSX unless the '--jsx' flag is provided.
src/app/dashboard/page.tsx(1190,37): error TS17004: Cannot use JSX unless the '--jsx' flag is provided.
src/app/dashboard/page.tsx(1193,29): error TS17004: Cannot use JSX unless the '--jsx' flag is provided.
src/app/dashboard/page.tsx(1194,29): error TS17004: Cannot use JSX unless the '--jsx' flag is provided.
src/app/dashboard/page.tsx(1195,29): error TS17004: Cannot use JSX unless the '--jsx' flag is provided.
src/app/dashboard/page.tsx(1201,29): error TS17004: Cannot use JSX unless the '--jsx' flag is provided.
src/app/dashboard/page.tsx(1207,29): error TS17004: Cannot use JSX unless the '--jsx' flag is provided.
src/app/dashboard/page.tsx(1213,29): error TS17004: Cannot use JSX unless the '--jsx' flag is provided.
src/app/dashboard/page.tsx(1214,33): error TS17004: Cannot use JSX unless the '--jsx' flag is provided.
src/app/dashboard/page.tsx(1214,108): error TS17004: Cannot use JSX unless the '--jsx' flag is provided.
src/app/dashboard/page.tsx(1223,21): error TS17004: Cannot use JSX unless the '--jsx' flag is provided.
src/app/dashboard/page.tsx(1224,25): error TS17004: Cannot use JSX unless the '--jsx' flag is provided.
src/app/dashboard/page.tsx(1225,29): error TS17004: Cannot use JSX unless the '--jsx' flag is provided.
src/app/dashboard/page.tsx(1226,29): error TS17004: Cannot use JSX unless the '--jsx' flag is provided.
src/app/dashboard/page.tsx(1227,29): error TS17004: Cannot use JSX unless the '--jsx' flag is provided.
src/app/dashboard/page.tsx(1228,33): error TS17004: Cannot use JSX unless the '--jsx' flag is provided.
src/app/dashboard/page.tsx(1229,33): error TS17004: Cannot use JSX unless the '--jsx' flag is provided.
src/app/dashboard/page.tsx(1230,193): error TS17004: Cannot use JSX unless the '--jsx' flag is provided.
src/app/dashboard/page.tsx(1237,29): error TS17004: Cannot use JSX unless the '--jsx' flag is provided.
src/app/dashboard/page.tsx(1238,33): error TS17004: Cannot use JSX unless the '--jsx' flag is provided.
src/app/dashboard/page.tsx(1239,33): error TS17004: Cannot use JSX unless the '--jsx' flag is provided.
src/app/dashboard/page.tsx(1252,45): error TS17004: Cannot use JSX unless the '--jsx' flag is provided.
src/app/dashboard/page.tsx(1289,49): error TS17004: Cannot use JSX unless the '--jsx' flag is provided.
src/app/dashboard/page.tsx(1292,49): error TS17004: Cannot use JSX unless the '--jsx' flag is provided.
src/app/dashboard/page.tsx(1293,53): error TS17004: Cannot use JSX unless the '--jsx' flag is provided.
src/app/dashboard/page.tsx(1293,151): error TS17004: Cannot use JSX unless the '--jsx' flag is provided.
src/app/dashboard/page.tsx(1294,53): error TS17004: Cannot use JSX unless the '--jsx' flag is provided.
src/app/dashboard/page.tsx(1295,57): error TS17004: Cannot use JSX unless the '--jsx' flag is provided.
src/app/dashboard/page.tsx(1296,57): error TS17004: Cannot use JSX unless the '--jsx' flag is provided.
src/app/dashboard/page.tsx(1297,57): error TS17004: Cannot use JSX unless the '--jsx' flag is provided.
src/app/dashboard/page.tsx(1298,57): error TS17004: Cannot use JSX unless the '--jsx' flag is provided.
src/app/dashboard/page.tsx(1299,57): error TS17004: Cannot use JSX unless the '--jsx' flag is provided.
src/app/dashboard/page.tsx(1301,53): error TS17004: Cannot use JSX unless the '--jsx' flag is provided.
src/app/dashboard/page.tsx(1303,49): error TS17004: Cannot use JSX unless the '--jsx' flag is provided.
src/app/dashboard/page.tsx(1312,21): error TS17004: Cannot use JSX unless the '--jsx' flag is provided.
src/app/dashboard/page.tsx(1313,25): error TS17004: Cannot use JSX unless the '--jsx' flag is provided.
src/app/dashboard/page.tsx(1314,29): error TS17004: Cannot use JSX unless the '--jsx' flag is provided.
src/app/dashboard/page.tsx(1315,29): error TS17004: Cannot use JSX unless the '--jsx' flag is provided.
src/app/dashboard/page.tsx(1318,25): error TS17004: Cannot use JSX unless the '--jsx' flag is provided.
src/app/dashboard/page.tsx(1320,33): error TS17004: Cannot use JSX unless the '--jsx' flag is provided.
src/app/dashboard/page.tsx(1322,68): error TS2345: Argument of type '"legal" | "engineer" | "marketer" | "sales"' is not assignable to parameter of type '"engineer" | "marketer" | "sales"'.
  Type '"legal"' is not assignable to type '"engineer" | "marketer" | "sales"'.
src/app/dashboard/page.tsx(1330,25): error TS17004: Cannot use JSX unless the '--jsx' flag is provided.
src/app/dashboard/page.tsx(1331,29): error TS17004: Cannot use JSX unless the '--jsx' flag is provided.
src/app/dashboard/page.tsx(1386,33): error TS17004: Cannot use JSX unless the '--jsx' flag is provided.
src/app/dashboard/page.tsx(1387,33): error TS17004: Cannot use JSX unless the '--jsx' flag is provided.
src/app/dashboard/page.tsx(1390,29): error TS17004: Cannot use JSX unless the '--jsx' flag is provided.
src/app/dashboard/page.tsx(1436,33): error TS17004: Cannot use JSX unless the '--jsx' flag is provided.
src/app/dashboard/page.tsx(1436,152): error TS17004: Cannot use JSX unless the '--jsx' flag is provided.
src/app/dashboard/page.tsx(1437,33): error TS17004: Cannot use JSX unless the '--jsx' flag is provided.
src/app/dashboard/page.tsx(1442,29): error TS17004: Cannot use JSX unless the '--jsx' flag is provided.
src/app/dashboard/page.tsx(1443,33): error TS17004: Cannot use JSX unless the '--jsx' flag is provided.
src/app/dashboard/page.tsx(1450,41): error TS17004: Cannot use JSX unless the '--jsx' flag is provided.
src/app/dashboard/page.tsx(1461,45): error TS17004: Cannot use JSX unless the '--jsx' flag is provided.
src/app/dashboard/page.tsx(1464,45): error TS17004: Cannot use JSX unless the '--jsx' flag is provided.
src/app/dashboard/page.tsx(1465,49): error TS17004: Cannot use JSX unless the '--jsx' flag is provided.
src/app/dashboard/page.tsx(1465,132): error TS17004: Cannot use JSX unless the '--jsx' flag is provided.
src/app/dashboard/page.tsx(1466,49): error TS17004: Cannot use JSX unless the '--jsx' flag is provided.
src/app/dashboard/page.tsx(1467,53): error TS17004: Cannot use JSX unless the '--jsx' flag is provided.
src/app/dashboard/page.tsx(1468,53): error TS17004: Cannot use JSX unless the '--jsx' flag is provided.
src/app/dashboard/page.tsx(1469,53): error TS17004: Cannot use JSX unless the '--jsx' flag is provided.
src/app/dashboard/page.tsx(1470,53): error TS17004: Cannot use JSX unless the '--jsx' flag is provided.
src/app/dashboard/page.tsx(1471,53): error TS17004: Cannot use JSX unless the '--jsx' flag is provided.
src/app/dashboard/page.tsx(1474,45): error TS17004: Cannot use JSX unless the '--jsx' flag is provided.
src/app/dashboard/page.tsx(1480,29): error TS17004: Cannot use JSX unless the '--jsx' flag is provided.
src/app/dashboard/page.tsx(1481,33): error TS17004: Cannot use JSX unless the '--jsx' flag is provided.
src/app/dashboard/page.tsx(1482,33): error TS17004: Cannot use JSX unless the '--jsx' flag is provided.
src/app/dashboard/page.tsx(1483,33): error TS17004: Cannot use JSX unless the '--jsx' flag is provided.
src/app/dashboard/page.tsx(1495,21): error TS17004: Cannot use JSX unless the '--jsx' flag is provided.
src/app/dashboard/page.tsx(1502,17): error TS17004: Cannot use JSX unless the '--jsx' flag is provided.
src/app/dashboard/page.tsx(1513,25): error TS17004: Cannot use JSX unless the '--jsx' flag is provided.
src/app/dashboard/page.tsx(1516,29): error TS17004: Cannot use JSX unless the '--jsx' flag is provided.
src/app/dashboard/page.tsx(1517,29): error TS17004: Cannot use JSX unless the '--jsx' flag is provided.
src/app/dashboard/page.tsx(1518,33): error TS17004: Cannot use JSX unless the '--jsx' flag is provided.
src/app/dashboard/page.tsx(1519,37): error TS17004: Cannot use JSX unless the '--jsx' flag is provided.
src/app/dashboard/page.tsx(1521,41): error TS17004: Cannot use JSX unless the '--jsx' flag is provided.
src/app/dashboard/page.tsx(1528,54): error TS17004: Cannot use JSX unless the '--jsx' flag is provided.
src/app/dashboard/page.tsx(1529,29): error TS17004: Cannot use JSX unless the '--jsx' flag is provided.
src/app/dashboard/page.tsx(1530,33): error TS17004: Cannot use JSX unless the '--jsx' flag is provided.
src/app/dashboard/page.tsx(1537,17): error TS17004: Cannot use JSX unless the '--jsx' flag is provided.
src/app/dashboard/page.tsx(1538,21): error TS17004: Cannot use JSX unless the '--jsx' flag is provided.
src/app/dashboard/page.tsx(1539,21): error TS17004: Cannot use JSX unless the '--jsx' flag is provided.
src/app/dashboard/page.tsx(1552,29): error TS17004: Cannot use JSX unless the '--jsx' flag is provided.
src/app/dashboard/page.tsx(1579,33): error TS17004: Cannot use JSX unless the '--jsx' flag is provided.
src/app/dashboard/page.tsx(1580,33): error TS17004: Cannot use JSX unless the '--jsx' flag is provided.
src/app/dashboard/page.tsx(1581,37): error TS17004: Cannot use JSX unless the '--jsx' flag is provided.
src/app/dashboard/page.tsx(1582,37): error TS17004: Cannot use JSX unless the '--jsx' flag is provided.
src/app/dashboard/page.tsx(1585,37): error TS17004: Cannot use JSX unless the '--jsx' flag is provided.
src/app/dashboard/page.tsx(1586,41): error TS17004: Cannot use JSX unless the '--jsx' flag is provided.
src/app/dashboard/page.tsx(1587,41): error TS17004: Cannot use JSX unless the '--jsx' flag is provided.
src/app/dashboard/page.tsx(1597,21): error TS17004: Cannot use JSX unless the '--jsx' flag is provided.
src/app/dashboard/page.tsx(1598,25): error TS17004: Cannot use JSX unless the '--jsx' flag is provided.
src/app/dashboard/page.tsx(1599,25): error TS17004: Cannot use JSX unless the '--jsx' flag is provided.
src/app/dashboard/page.tsx(1605,29): error TS17004: Cannot use JSX unless the '--jsx' flag is provided.
src/app/dashboard/page.tsx(1629,33): error TS17004: Cannot use JSX unless the '--jsx' flag is provided.
src/app/dashboard/page.tsx(1630,33): error TS17004: Cannot use JSX unless the '--jsx' flag is provided.
src/app/dashboard/page.tsx(1631,37): error TS17004: Cannot use JSX unless the '--jsx' flag is provided.
src/app/dashboard/page.tsx(1632,37): error TS17004: Cannot use JSX unless the '--jsx' flag is provided.
src/app/dashboard/page.tsx(1634,33): error TS17004: Cannot use JSX unless the '--jsx' flag is provided.
src/app/dashboard/page.tsx(1635,37): error TS17004: Cannot use JSX unless the '--jsx' flag is provided.
src/app/dashboard/page.tsx(1636,37): error TS17004: Cannot use JSX unless the '--jsx' flag is provided.
src/app/dashboard/page.tsx(1643,21): error TS17004: Cannot use JSX unless the '--jsx' flag is provided.
src/app/dashboard/page.tsx(1644,25): error TS17004: Cannot use JSX unless the '--jsx' flag is provided.
src/app/dashboard/page.tsx(1645,25): error TS17004: Cannot use JSX unless the '--jsx' flag is provided.
src/app/dashboard/page.tsx(1705,13): error TS17004: Cannot use JSX unless the '--jsx' flag is provided.
src/app/dashboard/page.tsx(1708,21): error TS17004: Cannot use JSX unless the '--jsx' flag is provided.
src/app/dashboard/page.tsx(1709,25): error TS17004: Cannot use JSX unless the '--jsx' flag is provided.
src/app/dashboard/page.tsx(1710,29): error TS17004: Cannot use JSX unless the '--jsx' flag is provided.
src/app/dashboard/page.tsx(1711,29): error TS17004: Cannot use JSX unless the '--jsx' flag is provided.
src/app/dashboard/page.tsx(1712,33): error TS17004: Cannot use JSX unless the '--jsx' flag is provided.
src/app/dashboard/page.tsx(1713,33): error TS17004: Cannot use JSX unless the '--jsx' flag is provided.
src/app/dashboard/page.tsx(1716,25): error TS17004: Cannot use JSX unless the '--jsx' flag is provided.
src/app/dashboard/page.tsx(1724,37): error TS17004: Cannot use JSX unless the '--jsx' flag is provided.
src/app/dashboard/page.tsx(1732,41): error TS17004: Cannot use JSX unless the '--jsx' flag is provided.
src/app/dashboard/page.tsx(1733,45): error TS17004: Cannot use JSX unless the '--jsx' flag is provided.
src/app/dashboard/page.tsx(1734,45): error TS17004: Cannot use JSX unless the '--jsx' flag is provided.
src/app/dashboard/page.tsx(1736,41): error TS17004: Cannot use JSX unless the '--jsx' flag is provided.
src/app/dashboard/page.tsx(1744,21): error TS17004: Cannot use JSX unless the '--jsx' flag is provided.
src/app/dashboard/page.tsx(1745,25): error TS17004: Cannot use JSX unless the '--jsx' flag is provided.
src/app/dashboard/page.tsx(1746,25): error TS17004: Cannot use JSX unless the '--jsx' flag is provided.
src/app/dashboard/page.tsx(1747,25): error TS17004: Cannot use JSX unless the '--jsx' flag is provided.
src/app/dashboard/page.tsx(1750,21): error TS17004: Cannot use JSX unless the '--jsx' flag is provided.
src/app/dashboard/page.tsx(1751,25): error TS17004: Cannot use JSX unless the '--jsx' flag is provided.
src/app/dashboard/page.tsx(1752,29): error TS17004: Cannot use JSX unless the '--jsx' flag is provided.
src/app/dashboard/page.tsx(1753,33): error TS17004: Cannot use JSX unless the '--jsx' flag is provided.
src/app/dashboard/page.tsx(1754,33): error TS17004: Cannot use JSX unless the '--jsx' flag is provided.
src/app/dashboard/page.tsx(1755,37): error TS17004: Cannot use JSX unless the '--jsx' flag is provided.
src/app/dashboard/page.tsx(1756,37): error TS17004: Cannot use JSX unless the '--jsx' flag is provided.
src/app/dashboard/page.tsx(1774,37): error TS17004: Cannot use JSX unless the '--jsx' flag is provided.
src/app/dashboard/page.tsx(1801,45): error TS17004: Cannot use JSX unless the '--jsx' flag is provided.
src/app/dashboard/page.tsx(1808,25): error TS17004: Cannot use JSX unless the '--jsx' flag is provided.
src/app/dashboard/page.tsx(1812,33): error TS17004: Cannot use JSX unless the '--jsx' flag is provided.
src/app/dashboard/page.tsx(1815,37): error TS17004: Cannot use JSX unless the '--jsx' flag is provided.
src/app/dashboard/page.tsx(1816,37): error TS17004: Cannot use JSX unless the '--jsx' flag is provided.
src/app/dashboard/page.tsx(1817,41): error TS17004: Cannot use JSX unless the '--jsx' flag is provided.
src/app/dashboard/page.tsx(1818,41): error TS17004: Cannot use JSX unless the '--jsx' flag is provided.
src/app/dashboard/page.tsx(1820,37): error TS17004: Cannot use JSX unless the '--jsx' flag is provided.
src/app/dashboard/page.tsx(1821,41): error TS17004: Cannot use JSX unless the '--jsx' flag is provided.
src/app/dashboard/page.tsx(1828,17): error TS17004: Cannot use JSX unless the '--jsx' flag is provided.
src/app/dashboard/page.tsx(1829,21): error TS17004: Cannot use JSX unless the '--jsx' flag is provided.
src/app/dashboard/page.tsx(1830,25): error TS17004: Cannot use JSX unless the '--jsx' flag is provided.
src/app/dashboard/page.tsx(1831,25): error TS17004: Cannot use JSX unless the '--jsx' flag is provided.
src/app/dashboard/page.tsx(1834,25): error TS17004: Cannot use JSX unless the '--jsx' flag is provided.
src/app/dashboard/page.tsx(1835,29): error TS17004: Cannot use JSX unless the '--jsx' flag is provided.
src/app/dashboard/page.tsx(1839,29): error TS17004: Cannot use JSX unless the '--jsx' flag is provided.
src/app/dashboard/page.tsx(1840,29): error TS17004: Cannot use JSX unless the '--jsx' flag is provided.
src/app/dashboard/page.tsx(1841,33): error TS17004: Cannot use JSX unless the '--jsx' flag is provided.
src/app/dashboard/page.tsx(1843,29): error TS17004: Cannot use JSX unless the '--jsx' flag is provided.
src/app/dashboard/page.tsx(1849,17): error TS17004: Cannot use JSX unless the '--jsx' flag is provided.
src/app/dashboard/page.tsx(1850,21): error TS17004: Cannot use JSX unless the '--jsx' flag is provided.
src/app/dashboard/page.tsx(1851,21): error TS17004: Cannot use JSX unless the '--jsx' flag is provided.
src/app/dashboard/page.tsx(1852,25): error TS17004: Cannot use JSX unless the '--jsx' flag is provided.
src/app/dashboard/page.tsx(1853,29): error TS17004: Cannot use JSX unless the '--jsx' flag is provided.
src/app/dashboard/page.tsx(1854,29): error TS17004: Cannot use JSX unless the '--jsx' flag is provided.
src/app/dashboard/page.tsx(1856,25): error TS17004: Cannot use JSX unless the '--jsx' flag is provided.
src/app/dashboard/page.tsx(1857,29): error TS17004: Cannot use JSX unless the '--jsx' flag is provided.
src/app/dashboard/page.tsx(1858,29): error TS17004: Cannot use JSX unless the '--jsx' flag is provided.
src/app/dashboard/page.tsx(1860,25): error TS17004: Cannot use JSX unless the '--jsx' flag is provided.
src/app/dashboard/page.tsx(1861,29): error TS17004: Cannot use JSX unless the '--jsx' flag is provided.
src/app/dashboard/page.tsx(1862,29): error TS17004: Cannot use JSX unless the '--jsx' flag is provided.
src/app/dashboard/page.tsx(1865,21): error TS17004: Cannot use JSX unless the '--jsx' flag is provided.
src/app/dashboard/page.tsx(1869,25): error TS17004: Cannot use JSX unless the '--jsx' flag is provided.
src/app/dashboard/page.tsx(1891,25): error TS17004: Cannot use JSX unless the '--jsx' flag is provided.
src/app/dashboard/page.tsx(1892,29): error TS17004: Cannot use JSX unless the '--jsx' flag is provided.
src/app/dashboard/page.tsx(1896,33): error TS17004: Cannot use JSX unless the '--jsx' flag is provided.
src/app/dashboard/page.tsx(1897,37): error TS17004: Cannot use JSX unless the '--jsx' flag is provided.
src/app/dashboard/page.tsx(1905,37): error TS17004: Cannot use JSX unless the '--jsx' flag is provided.
src/app/dashboard/page.tsx(1915,41): error TS17004: Cannot use JSX unless the '--jsx' flag is provided.
src/app/dashboard/page.tsx(1916,41): error TS17004: Cannot use JSX unless the '--jsx' flag is provided.
src/app/dashboard/page.tsx(1917,45): error TS17004: Cannot use JSX unless the '--jsx' flag is provided.
src/app/dashboard/page.tsx(1918,45): error TS17004: Cannot use JSX unless the '--jsx' flag is provided.
src/app/dashboard/page.tsx(1919,45): error TS17004: Cannot use JSX unless the '--jsx' flag is provided.
src/app/dashboard/page.tsx(1923,41): error TS17004: Cannot use JSX unless the '--jsx' flag is provided.
src/app/dashboard/page.tsx(1925,49): error TS17004: Cannot use JSX unless the '--jsx' flag is provided.
src/app/dashboard/page.tsx(1930,49): error TS17004: Cannot use JSX unless the '--jsx' flag is provided.
src/app/dashboard/page.tsx(1935,49): error TS17004: Cannot use JSX unless the '--jsx' flag is provided.
src/app/dashboard/page.tsx(1939,45): error TS17004: Cannot use JSX unless the '--jsx' flag is provided.
src/app/dashboard/page.tsx(1940,49): error TS17004: Cannot use JSX unless the '--jsx' flag is provided.
src/app/dashboard/page.tsx(1952,21): error TS17004: Cannot use JSX unless the '--jsx' flag is provided.
src/app/dashboard/page.tsx(1953,25): error TS17004: Cannot use JSX unless the '--jsx' flag is provided.
src/app/dashboard/page.tsx(1959,33): error TS17004: Cannot use JSX unless the '--jsx' flag is provided.
src/app/dashboard/page.tsx(1960,37): error TS17004: Cannot use JSX unless the '--jsx' flag is provided.
src/app/dashboard/page.tsx(1961,41): error TS17004: Cannot use JSX unless the '--jsx' flag is provided.
src/app/dashboard/page.tsx(1962,41): error TS17004: Cannot use JSX unless the '--jsx' flag is provided.
src/app/dashboard/page.tsx(1963,45): error TS17004: Cannot use JSX unless the '--jsx' flag is provided.
src/app/dashboard/page.tsx(1964,45): error TS17004: Cannot use JSX unless the '--jsx' flag is provided.
src/app/dashboard/page.tsx(1967,37): error TS17004: Cannot use JSX unless the '--jsx' flag is provided.
src/app/dashboard/page.tsx(1968,41): error TS17004: Cannot use JSX unless the '--jsx' flag is provided.
src/app/dashboard/page.tsx(1969,45): error TS17004: Cannot use JSX unless the '--jsx' flag is provided.
src/app/dashboard/page.tsx(1970,45): error TS17004: Cannot use JSX unless the '--jsx' flag is provided.
src/app/dashboard/page.tsx(1972,41): error TS17004: Cannot use JSX unless the '--jsx' flag is provided.
src/app/dashboard/page.tsx(1973,45): error TS17004: Cannot use JSX unless the '--jsx' flag is provided.
src/app/dashboard/page.tsx(1974,45): error TS17004: Cannot use JSX unless the '--jsx' flag is provided.
src/app/dashboard/page.tsx(1977,37): error TS17004: Cannot use JSX unless the '--jsx' flag is provided.
src/app/dashboard/page.tsx(1978,41): error TS17004: Cannot use JSX unless the '--jsx' flag is provided.
src/app/dashboard/page.tsx(2001,45): error TS17004: Cannot use JSX unless the '--jsx' flag is provided.
src/app/dashboard/page.tsx(2041,41): error TS17004: Cannot use JSX unless the '--jsx' flag is provided.
src/app/dashboard/page.tsx(2084,25): error TS17004: Cannot use JSX unless the '--jsx' flag is provided.
src/app/dashboard/page.tsx(2085,29): error TS17004: Cannot use JSX unless the '--jsx' flag is provided.
src/app/dashboard/page.tsx(2086,33): error TS17004: Cannot use JSX unless the '--jsx' flag is provided.
src/app/dashboard/page.tsx(2087,33): error TS17004: Cannot use JSX unless the '--jsx' flag is provided.
src/app/dashboard/page.tsx(2090,33): error TS17004: Cannot use JSX unless the '--jsx' flag is provided.
src/app/dashboard/page.tsx(2091,37): error TS17004: Cannot use JSX unless the '--jsx' flag is provided.
src/app/dashboard/page.tsx(2097,33): error TS17004: Cannot use JSX unless the '--jsx' flag is provided.
src/app/dashboard/page.tsx(2098,37): error TS17004: Cannot use JSX unless the '--jsx' flag is provided.
src/app/dashboard/page.tsx(2099,37): error TS17004: Cannot use JSX unless the '--jsx' flag is provided.
src/app/dashboard/page.tsx(2100,37): error TS17004: Cannot use JSX unless the '--jsx' flag is provided.
src/app/dashboard/page.tsx(2108,49): error TS17004: Cannot use JSX unless the '--jsx' flag is provided.
src/app/dashboard/page.tsx(2113,53): error TS17004: Cannot use JSX unless the '--jsx' flag is provided.
src/app/dashboard/page.tsx(2114,57): error TS17004: Cannot use JSX unless the '--jsx' flag is provided.
src/app/dashboard/page.tsx(2115,57): error TS17004: Cannot use JSX unless the '--jsx' flag is provided.
src/app/dashboard/page.tsx(2117,53): error TS17004: Cannot use JSX unless the '--jsx' flag is provided.
src/app/dashboard/page.tsx(2123,41): error TS17004: Cannot use JSX unless the '--jsx' flag is provided.
src/app/dashboard/page.tsx(2128,29): error TS17004: Cannot use JSX unless the '--jsx' flag is provided.
src/app/dashboard/page.tsx(2130,37): error TS17004: Cannot use JSX unless the '--jsx' flag is provided.
src/app/dashboard/page.tsx(2146,37): error TS17004: Cannot use JSX unless the '--jsx' flag is provided.
src/app/dashboard/page.tsx(2147,41): error TS17004: Cannot use JSX unless the '--jsx' flag is provided.
src/app/dashboard/page.tsx(2148,41): error TS17004: Cannot use JSX unless the '--jsx' flag is provided.
src/app/dashboard/page.tsx(2152,37): error TS17004: Cannot use JSX unless the '--jsx' flag is provided.
src/app/dashboard/page.tsx(2153,41): error TS17004: Cannot use JSX unless the '--jsx' flag is provided.
src/app/dashboard/page.tsx(2154,41): error TS17004: Cannot use JSX unless the '--jsx' flag is provided.
src/app/dashboard/page.tsx(2158,44): error TS17004: Cannot use JSX unless the '--jsx' flag is provided.
src/app/dashboard/page.tsx(2164,17): error TS17004: Cannot use JSX unless the '--jsx' flag is provided.
src/app/dashboard/page.tsx(2165,21): error TS17004: Cannot use JSX unless the '--jsx' flag is provided.
src/app/dashboard/page.tsx(2187,17): error TS17004: Cannot use JSX unless the '--jsx' flag is provided.
src/app/dashboard/page.tsx(2193,25): error TS17004: Cannot use JSX unless the '--jsx' flag is provided.
src/app/dashboard/page.tsx(2196,29): error TS17004: Cannot use JSX unless the '--jsx' flag is provided.
src/app/dashboard/page.tsx(2197,29): error TS17004: Cannot use JSX unless the '--jsx' flag is provided.
src/app/dashboard/page.tsx(2198,33): error TS17004: Cannot use JSX unless the '--jsx' flag is provided.
src/app/dashboard/page.tsx(2200,33): error TS17004: Cannot use JSX unless the '--jsx' flag is provided.
src/app/dashboard/page.tsx(2201,62): error TS17004: Cannot use JSX unless the '--jsx' flag is provided.
src/app/dashboard/page.tsx(2202,37): error TS17004: Cannot use JSX unless the '--jsx' flag is provided.
src/app/dashboard/page.tsx(2204,41): error TS17004: Cannot use JSX unless the '--jsx' flag is provided.
src/app/dashboard/page.tsx(2204,198): error TS2322: Type 'unknown' is not assignable to type 'ReactNode'.
src/app/dashboard/page.tsx(2208,29): error TS17004: Cannot use JSX unless the '--jsx' flag is provided.
src/app/dashboard/page.tsx(2209,33): error TS17004: Cannot use JSX unless the '--jsx' flag is provided.
src/app/dashboard/page.tsx(2230,13): error TS17004: Cannot use JSX unless the '--jsx' flag is provided.
src/app/dashboard/page.tsx(2231,17): error TS17004: Cannot use JSX unless the '--jsx' flag is provided.
src/app/dashboard/page.tsx(2232,21): error TS17004: Cannot use JSX unless the '--jsx' flag is provided.
src/app/dashboard/page.tsx(2233,21): error TS17004: Cannot use JSX unless the '--jsx' flag is provided.
src/app/dashboard/page.tsx(2235,17): error TS17004: Cannot use JSX unless the '--jsx' flag is provided.
src/app/dashboard/page.tsx(2239,21): error TS17004: Cannot use JSX unless the '--jsx' flag is provided.
src/app/dashboard/page.tsx(2240,25): error TS17004: Cannot use JSX unless the '--jsx' flag is provided.
src/app/dashboard/page.tsx(2241,25): error TS17004: Cannot use JSX unless the '--jsx' flag is provided.
src/app/dashboard/page.tsx(2242,25): error TS17004: Cannot use JSX unless the '--jsx' flag is provided.
src/app/dashboard/page.tsx(2246,17): error TS17004: Cannot use JSX unless the '--jsx' flag is provided.
src/app/dashboard/page.tsx(2247,21): error TS17004: Cannot use JSX unless the '--jsx' flag is provided.
src/app/dashboard/page.tsx(2248,21): error TS17004: Cannot use JSX unless the '--jsx' flag is provided.
src/app/dashboard/page.tsx(2249,25): error TS17004: Cannot use JSX unless the '--jsx' flag is provided.
src/app/dashboard/page.tsx(2250,25): error TS17004: Cannot use JSX unless the '--jsx' flag is provided.
src/app/dashboard/page.tsx(2252,21): error TS17004: Cannot use JSX unless the '--jsx' flag is provided.
src/app/dashboard/page.tsx(2253,25): error TS17004: Cannot use JSX unless the '--jsx' flag is provided.
src/app/dashboard/page.tsx(2254,25): error TS17004: Cannot use JSX unless the '--jsx' flag is provided.
src/app/dashboard/page.tsx(2256,21): error TS17004: Cannot use JSX unless the '--jsx' flag is provided.
src/app/dashboard/page.tsx(2257,25): error TS17004: Cannot use JSX unless the '--jsx' flag is provided.
src/app/dashboard/page.tsx(2258,25): error TS17004: Cannot use JSX unless the '--jsx' flag is provided.
src/app/dashboard/page.tsx(2262,17): error TS17004: Cannot use JSX unless the '--jsx' flag is provided.
src/app/dashboard/page.tsx(2263,21): error TS17004: Cannot use JSX unless the '--jsx' flag is provided.
src/app/dashboard/page.tsx(2269,21): error TS17004: Cannot use JSX unless the '--jsx' flag is provided.
src/app/dashboard/page.tsx(2282,21): error TS17004: Cannot use JSX unless the '--jsx' flag is provided.
src/app/dashboard/page.tsx(2288,21): error TS17004: Cannot use JSX unless the '--jsx' flag is provided.
src/app/dashboard/page.tsx(2296,17): error TS17004: Cannot use JSX unless the '--jsx' flag is provided.
src/app/dashboard/page.tsx(2297,21): error TS17004: Cannot use JSX unless the '--jsx' flag is provided.
src/app/dashboard/page.tsx(2302,25): error TS17004: Cannot use JSX unless the '--jsx' flag is provided.
src/app/dashboard/page.tsx(2308,25): error TS17004: Cannot use JSX unless the '--jsx' flag is provided.
src/app/dashboard/page.tsx(2313,21): error TS17004: Cannot use JSX unless the '--jsx' flag is provided.
src/app/dashboard/page.tsx(2317,21): error TS17004: Cannot use JSX unless the '--jsx' flag is provided.
src/app/dashboard/page.tsx(2321,21): error TS17004: Cannot use JSX unless the '--jsx' flag is provided.
src/app/dashboard/page.tsx(2325,21): error TS17004: Cannot use JSX unless the '--jsx' flag is provided.
src/app/dashboard/page.tsx(2329,21): error TS17004: Cannot use JSX unless the '--jsx' flag is provided.
src/app/dashboard/page.tsx(2333,21): error TS17004: Cannot use JSX unless the '--jsx' flag is provided.
src/app/dashboard/page.tsx(2337,21): error TS17004: Cannot use JSX unless the '--jsx' flag is provided.
src/app/dashboard/page.tsx(2341,21): error TS17004: Cannot use JSX unless the '--jsx' flag is provided.
src/app/dashboard/page.tsx(2347,17): error TS17004: Cannot use JSX unless the '--jsx' flag is provided.
src/app/dashboard/page.tsx(2373,17): error TS17004: Cannot use JSX unless the '--jsx' flag is provided.
src/app/dashboard/page.tsx(2374,21): error TS17004: Cannot use JSX unless the '--jsx' flag is provided.
src/app/dashboard/page.tsx(2375,21): error TS17004: Cannot use JSX unless the '--jsx' flag is provided.
src/app/dashboard/page.tsx(2376,25): error TS17004: Cannot use JSX unless the '--jsx' flag is provided.
src/app/dashboard/page.tsx(2378,29): error TS17004: Cannot use JSX unless the '--jsx' flag is provided.
src/app/dashboard/page.tsx(2381,21): error TS17004: Cannot use JSX unless the '--jsx' flag is provided.
src/app/dashboard/page.tsx(2408,13): error TS17004: Cannot use JSX unless the '--jsx' flag is provided.
src/app/dashboard/page.tsx(2412,17): error TS17004: Cannot use JSX unless the '--jsx' flag is provided.
src/app/dashboard/page.tsx(2413,21): error TS17004: Cannot use JSX unless the '--jsx' flag is provided.
src/app/dashboard/page.tsx(2414,25): error TS17004: Cannot use JSX unless the '--jsx' flag is provided.
src/app/dashboard/page.tsx(2415,29): error TS17004: Cannot use JSX unless the '--jsx' flag is provided.
src/app/dashboard/page.tsx(2416,29): error TS17004: Cannot use JSX unless the '--jsx' flag is provided.
src/app/dashboard/page.tsx(2423,33): error TS17004: Cannot use JSX unless the '--jsx' flag is provided.
src/app/dashboard/page.tsx(2442,41): error TS17004: Cannot use JSX unless the '--jsx' flag is provided.
src/app/dashboard/page.tsx(2448,21): error TS17004: Cannot use JSX unless the '--jsx' flag is provided.
src/app/dashboard/page.tsx(2449,25): error TS17004: Cannot use JSX unless the '--jsx' flag is provided.
src/app/dashboard/page.tsx(2451,38): error TS17004: Cannot use JSX unless the '--jsx' flag is provided.
src/app/dashboard/page.tsx(2455,17): error TS17004: Cannot use JSX unless the '--jsx' flag is provided.
src/app/dashboard/page.tsx(2456,21): error TS17004: Cannot use JSX unless the '--jsx' flag is provided.
src/app/dashboard/page.tsx(2457,21): error TS17004: Cannot use JSX unless the '--jsx' flag is provided.
src/app/dashboard/page.tsx(2460,25): error TS17004: Cannot use JSX unless the '--jsx' flag is provided.
src/app/dashboard/page.tsx(2461,29): error TS17004: Cannot use JSX unless the '--jsx' flag is provided.
src/app/dashboard/page.tsx(2462,29): error TS17004: Cannot use JSX unless the '--jsx' flag is provided.
src/app/dashboard/page.tsx(2463,33): error TS17004: Cannot use JSX unless the '--jsx' flag is provided.
src/app/dashboard/page.tsx(2464,33): error TS17004: Cannot use JSX unless the '--jsx' flag is provided.
src/app/dashboard/page.tsx(2467,25): error TS17004: Cannot use JSX unless the '--jsx' flag is provided.
src/app/dashboard/page.tsx(2472,21): error TS17004: Cannot use JSX unless the '--jsx' flag is provided.
src/app/dashboard/page.tsx(2476,17): error TS17004: Cannot use JSX unless the '--jsx' flag is provided.
src/app/dashboard/page.tsx(2477,21): error TS17004: Cannot use JSX unless the '--jsx' flag is provided.
src/app/dashboard/page.tsx(2479,21): error TS17004: Cannot use JSX unless the '--jsx' flag is provided.
src/app/dashboard/page.tsx(2480,25): error TS17004: Cannot use JSX unless the '--jsx' flag is provided.
src/app/dashboard/page.tsx(2481,25): error TS17004: Cannot use JSX unless the '--jsx' flag is provided.
src/app/dashboard/page.tsx(2488,25): error TS17004: Cannot use JSX unless the '--jsx' flag is provided.
src/app/dashboard/page.tsx(2491,21): error TS17004: Cannot use JSX unless the '--jsx' flag is provided.
src/app/dashboard/page.tsx(2516,21): error TS17004: Cannot use JSX unless the '--jsx' flag is provided.
src/app/dashboard/page.tsx(2522,17): error TS17004: Cannot use JSX unless the '--jsx' flag is provided.
src/app/dashboard/page.tsx(2523,21): error TS17004: Cannot use JSX unless the '--jsx' flag is provided.
src/app/dashboard/page.tsx(2524,21): error TS17004: Cannot use JSX unless the '--jsx' flag is provided.
src/app/dashboard/page.tsx(2525,21): error TS17004: Cannot use JSX unless the '--jsx' flag is provided.
src/app/dashboard/page.tsx(2526,21): error TS17004: Cannot use JSX unless the '--jsx' flag is provided.
src/app/dashboard/page.tsx(2527,21): error TS17004: Cannot use JSX unless the '--jsx' flag is provided.
src/app/dashboard/page.tsx(2528,21): error TS17004: Cannot use JSX unless the '--jsx' flag is provided.
src/app/dashboard/page.tsx(2529,21): error TS17004: Cannot use JSX unless the '--jsx' flag is provided.
src/app/dashboard/page.tsx(2530,21): error TS17004: Cannot use JSX unless the '--jsx' flag is provided.
src/app/dashboard/page.tsx(2531,25): error TS17004: Cannot use JSX unless the '--jsx' flag is provided.
src/app/dashboard/page.tsx(2532,25): error TS17004: Cannot use JSX unless the '--jsx' flag is provided.
src/app/dashboard/page.tsx(2533,25): error TS17004: Cannot use JSX unless the '--jsx' flag is provided.
src/app/dashboard/page.tsx(2544,63): error TS2307: Cannot find module '@/lib/types/database.types' or its corresponding type declarations.
src/app/dashboard/page.tsx(2550,25): error TS17004: Cannot use JSX unless the '--jsx' flag is provided.
src/app/dashboard/page.tsx(2552,29): error TS17004: Cannot use JSX unless the '--jsx' flag is provided.
src/app/dashboard/page.tsx(2553,33): error TS17004: Cannot use JSX unless the '--jsx' flag is provided.
src/app/dashboard/page.tsx(2554,33): error TS17004: Cannot use JSX unless the '--jsx' flag is provided.
src/app/dashboard/page.tsx(2563,29): error TS17004: Cannot use JSX unless the '--jsx' flag is provided.
src/app/dashboard/page.tsx(2570,41): error TS17004: Cannot use JSX unless the '--jsx' flag is provided.
src/app/dashboard/page.tsx(2571,45): error TS17004: Cannot use JSX unless the '--jsx' flag is provided.
src/app/dashboard/page.tsx(2580,53): error TS17004: Cannot use JSX unless the '--jsx' flag is provided.
src/app/dashboard/page.tsx(2595,57): error TS17004: Cannot use JSX unless the '--jsx' flag is provided.
src/app/dashboard/page.tsx(2596,61): error TS17004: Cannot use JSX unless the '--jsx' flag is provided.
src/app/dashboard/page.tsx(2599,61): error TS17004: Cannot use JSX unless the '--jsx' flag is provided.
src/app/dashboard/page.tsx(2600,65): error TS17004: Cannot use JSX unless the '--jsx' flag is provided.
src/app/dashboard/page.tsx(2606,65): error TS17004: Cannot use JSX unless the '--jsx' flag is provided.
src/app/dashboard/page.tsx(2610,69): error TS17004: Cannot use JSX unless the '--jsx' flag is provided.
src/app/dashboard/page.tsx(2631,17): error TS17004: Cannot use JSX unless the '--jsx' flag is provided.
src/app/dashboard/page.tsx(2632,21): error TS17004: Cannot use JSX unless the '--jsx' flag is provided.
src/app/dashboard/page.tsx(2633,25): error TS17004: Cannot use JSX unless the '--jsx' flag is provided.
src/app/dashboard/page.tsx(2634,29): error TS17004: Cannot use JSX unless the '--jsx' flag is provided.
src/app/dashboard/page.tsx(2635,29): error TS17004: Cannot use JSX unless the '--jsx' flag is provided.
src/app/dashboard/page.tsx(2638,29): error TS17004: Cannot use JSX unless the '--jsx' flag is provided.
src/app/dashboard/page.tsx(2641,21): error TS17004: Cannot use JSX unless the '--jsx' flag is provided.
src/app/dashboard/page.tsx(2642,25): error TS17004: Cannot use JSX unless the '--jsx' flag is provided.
src/app/dashboard/page.tsx(2643,29): error TS17004: Cannot use JSX unless the '--jsx' flag is provided.
src/app/dashboard/page.tsx(2644,29): error TS17004: Cannot use JSX unless the '--jsx' flag is provided.
src/app/dashboard/page.tsx(2647,29): error TS17004: Cannot use JSX unless the '--jsx' flag is provided.
src/app/dashboard/page.tsx(2649,25): error TS17004: Cannot use JSX unless the '--jsx' flag is provided.
src/app/dashboard/page.tsx(2650,29): error TS17004: Cannot use JSX unless the '--jsx' flag is provided.
src/app/dashboard/page.tsx(2651,29): error TS17004: Cannot use JSX unless the '--jsx' flag is provided.
src/app/dashboard/page.tsx(2654,29): error TS17004: Cannot use JSX unless the '--jsx' flag is provided.
src/app/dashboard/page.tsx(2660,17): error TS17004: Cannot use JSX unless the '--jsx' flag is provided.
src/app/dashboard/page.tsx(2661,21): error TS17004: Cannot use JSX unless the '--jsx' flag is provided.
src/app/dashboard/page.tsx(2662,25): error TS17004: Cannot use JSX unless the '--jsx' flag is provided.
src/app/dashboard/page.tsx(2664,29): error TS17004: Cannot use JSX unless the '--jsx' flag is provided.
src/app/dashboard/page.tsx(2674,29): error TS17004: Cannot use JSX unless the '--jsx' flag is provided.
src/app/dashboard/page.tsx(2676,33): error TS17004: Cannot use JSX unless the '--jsx' flag is provided.
src/app/dashboard/page.tsx(2677,33): error TS17004: Cannot use JSX unless the '--jsx' flag is provided.
src/app/dashboard/page.tsx(2678,37): error TS17004: Cannot use JSX unless the '--jsx' flag is provided.
src/app/dashboard/page.tsx(2681,48): error TS17004: Cannot use JSX unless the '--jsx' flag is provided.
src/app/dashboard/page.tsx(2682,33): error TS17004: Cannot use JSX unless the '--jsx' flag is provided.
src/app/dashboard/page.tsx(2683,37): error TS17004: Cannot use JSX unless the '--jsx' flag is provided.
src/app/dashboard/page.tsx(2690,25): error TS17004: Cannot use JSX unless the '--jsx' flag is provided.
src/app/dashboard/page.tsx(2697,17): error TS17004: Cannot use JSX unless the '--jsx' flag is provided.
src/app/dashboard/page.tsx(2698,21): error TS17004: Cannot use JSX unless the '--jsx' flag is provided.
src/app/dashboard/page.tsx(2705,29): error TS17004: Cannot use JSX unless the '--jsx' flag is provided.
src/app/dashboard/page.tsx(2707,33): error TS17004: Cannot use JSX unless the '--jsx' flag is provided.
src/app/dashboard/page.tsx(2712,37): error TS17004: Cannot use JSX unless the '--jsx' flag is provided.
src/app/dashboard/page.tsx(2713,37): error TS17004: Cannot use JSX unless the '--jsx' flag is provided.
src/app/dashboard/page.tsx(2714,37): error TS17004: Cannot use JSX unless the '--jsx' flag is provided.
src/app/dashboard/page.tsx(2715,37): error TS17004: Cannot use JSX unless the '--jsx' flag is provided.
src/app/dashboard/page.tsx(2720,37): error TS17004: Cannot use JSX unless the '--jsx' flag is provided.
src/app/dashboard/page.tsx(2731,21): error TS17004: Cannot use JSX unless the '--jsx' flag is provided.
src/app/dashboard/page.tsx(2732,25): error TS17004: Cannot use JSX unless the '--jsx' flag is provided.
src/app/dashboard/page.tsx(2734,29): error TS17004: Cannot use JSX unless the '--jsx' flag is provided.
src/app/dashboard/page.tsx(2736,33): error TS17004: Cannot use JSX unless the '--jsx' flag is provided.
src/app/dashboard/page.tsx(2737,33): error TS17004: Cannot use JSX unless the '--jsx' flag is provided.
src/app/dashboard/page.tsx(2738,37): error TS17004: Cannot use JSX unless the '--jsx' flag is provided.
src/app/dashboard/page.tsx(2741,33): error TS17004: Cannot use JSX unless the '--jsx' flag is provided.
src/app/dashboard/page.tsx(2742,37): error TS17004: Cannot use JSX unless the '--jsx' flag is provided.
src/app/dashboard/page.tsx(2755,13): error TS17004: Cannot use JSX unless the '--jsx' flag is provided.
src/app/dashboard/page.tsx(2757,17): error TS17004: Cannot use JSX unless the '--jsx' flag is provided.
src/app/dashboard/page.tsx(2759,25): error TS17004: Cannot use JSX unless the '--jsx' flag is provided.
src/app/dashboard/page.tsx(2760,29): error TS17004: Cannot use JSX unless the '--jsx' flag is provided.
src/app/dashboard/page.tsx(2761,29): error TS17004: Cannot use JSX unless the '--jsx' flag is provided.
src/app/dashboard/page.tsx(2772,33): error TS17004: Cannot use JSX unless the '--jsx' flag is provided.
src/app/dashboard/page.tsx(2773,37): error TS17004: Cannot use JSX unless the '--jsx' flag is provided.
src/app/dashboard/page.tsx(2775,37): error TS17004: Cannot use JSX unless the '--jsx' flag is provided.
src/app/dashboard/page.tsx(2776,41): error TS17004: Cannot use JSX unless the '--jsx' flag is provided.
src/app/dashboard/page.tsx(2777,45): error TS17004: Cannot use JSX unless the '--jsx' flag is provided.
src/app/dashboard/page.tsx(2778,49): error TS17004: Cannot use JSX unless the '--jsx' flag is provided.
src/app/dashboard/page.tsx(2779,53): error TS17004: Cannot use JSX unless the '--jsx' flag is provided.
src/app/dashboard/page.tsx(2781,49): error TS17004: Cannot use JSX unless the '--jsx' flag is provided.
src/app/dashboard/page.tsx(2782,53): error TS17004: Cannot use JSX unless the '--jsx' flag is provided.
src/app/dashboard/page.tsx(2785,45): error TS17004: Cannot use JSX unless the '--jsx' flag is provided.
src/app/dashboard/page.tsx(2786,49): error TS17004: Cannot use JSX unless the '--jsx' flag is provided.
src/app/dashboard/page.tsx(2787,53): error TS17004: Cannot use JSX unless the '--jsx' flag is provided.
src/app/dashboard/page.tsx(2790,49): error TS17004: Cannot use JSX unless the '--jsx' flag is provided.
src/app/dashboard/page.tsx(2793,41): error TS17004: Cannot use JSX unless the '--jsx' flag is provided.
src/app/dashboard/page.tsx(2794,45): error TS17004: Cannot use JSX unless the '--jsx' flag is provided.
src/app/dashboard/page.tsx(2797,45): error TS17004: Cannot use JSX unless the '--jsx' flag is provided.
src/app/dashboard/page.tsx(2797,142): error TS17004: Cannot use JSX unless the '--jsx' flag is provided.
src/app/dashboard/page.tsx(2801,37): error TS17004: Cannot use JSX unless the '--jsx' flag is provided.
src/app/dashboard/page.tsx(2802,41): error TS17004: Cannot use JSX unless the '--jsx' flag is provided.
src/app/dashboard/page.tsx(2803,45): error TS17004: Cannot use JSX unless the '--jsx' flag is provided.
src/app/dashboard/page.tsx(2804,45): error TS17004: Cannot use JSX unless the '--jsx' flag is provided.
src/app/dashboard/page.tsx(2806,41): error TS17004: Cannot use JSX unless the '--jsx' flag is provided.
src/app/dashboard/page.tsx(2807,45): error TS17004: Cannot use JSX unless the '--jsx' flag is provided.
src/app/dashboard/page.tsx(2808,45): error TS17004: Cannot use JSX unless the '--jsx' flag is provided.
src/app/dashboard/page.tsx(2810,41): error TS17004: Cannot use JSX unless the '--jsx' flag is provided.
src/app/dashboard/page.tsx(2811,45): error TS17004: Cannot use JSX unless the '--jsx' flag is provided.
src/app/dashboard/page.tsx(2812,45): error TS17004: Cannot use JSX unless the '--jsx' flag is provided.
src/app/dashboard/page.tsx(2816,37): error TS17004: Cannot use JSX unless the '--jsx' flag is provided.
src/app/dashboard/page.tsx(2817,41): error TS17004: Cannot use JSX unless the '--jsx' flag is provided.
src/app/dashboard/page.tsx(2818,45): error TS17004: Cannot use JSX unless the '--jsx' flag is provided.
src/app/dashboard/page.tsx(2820,41): error TS17004: Cannot use JSX unless the '--jsx' flag is provided.
src/app/dashboard/page.tsx(2826,53): error TS17004: Cannot use JSX unless the '--jsx' flag is provided.
src/app/dashboard/page.tsx(2832,57): error TS17004: Cannot use JSX unless the '--jsx' flag is provided.
src/app/dashboard/page.tsx(2833,57): error TS17004: Cannot use JSX unless the '--jsx' flag is provided.
src/app/dashboard/page.tsx(2834,61): error TS17004: Cannot use JSX unless the '--jsx' flag is provided.
src/app/dashboard/page.tsx(2835,61): error TS17004: Cannot use JSX unless the '--jsx' flag is provided.
src/app/dashboard/page.tsx(2836,65): error TS17004: Cannot use JSX unless the '--jsx' flag is provided.
src/app/dashboard/page.tsx(2837,69): error TS17004: Cannot use JSX unless the '--jsx' flag is provided.
src/app/dashboard/page.tsx(2840,69): error TS17004: Cannot use JSX unless the '--jsx' flag is provided.
src/app/dashboard/page.tsx(2841,73): error TS17004: Cannot use JSX unless the '--jsx' flag is provided.
src/app/dashboard/page.tsx(2853,41): error TS17004: Cannot use JSX unless the '--jsx' flag is provided.
src/app/dashboard/page.tsx(2854,45): error TS17004: Cannot use JSX unless the '--jsx' flag is provided.
src/app/dashboard/page.tsx(2855,45): error TS17004: Cannot use JSX unless the '--jsx' flag is provided.
src/app/dashboard/page.tsx(2863,29): error TS17004: Cannot use JSX unless the '--jsx' flag is provided.
src/app/dashboard/page.tsx(2869,33): error TS17004: Cannot use JSX unless the '--jsx' flag is provided.
src/app/dashboard/page.tsx(2870,37): error TS17004: Cannot use JSX unless the '--jsx' flag is provided.
src/app/dashboard/page.tsx(2871,41): error TS17004: Cannot use JSX unless the '--jsx' flag is provided.
src/app/dashboard/page.tsx(2872,41): error TS17004: Cannot use JSX unless the '--jsx' flag is provided.
src/app/dashboard/page.tsx(2873,45): error TS17004: Cannot use JSX unless the '--jsx' flag is provided.
src/app/dashboard/page.tsx(2874,45): error TS17004: Cannot use JSX unless the '--jsx' flag is provided.
src/app/dashboard/page.tsx(2877,37): error TS17004: Cannot use JSX unless the '--jsx' flag is provided.
src/app/dashboard/page.tsx(2886,33): error TS17004: Cannot use JSX unless the '--jsx' flag is provided.
src/app/dashboard/page.tsx(2887,37): error TS17004: Cannot use JSX unless the '--jsx' flag is provided.
src/app/dashboard/page.tsx(2888,41): error TS17004: Cannot use JSX unless the '--jsx' flag is provided.
src/app/dashboard/page.tsx(2889,41): error TS17004: Cannot use JSX unless the '--jsx' flag is provided.
src/app/dashboard/page.tsx(2891,37): error TS17004: Cannot use JSX unless the '--jsx' flag is provided.
src/app/dashboard/page.tsx(2892,41): error TS17004: Cannot use JSX unless the '--jsx' flag is provided.
src/app/dashboard/page.tsx(2893,41): error TS17004: Cannot use JSX unless the '--jsx' flag is provided.
src/app/dashboard/page.tsx(2897,37): error TS17004: Cannot use JSX unless the '--jsx' flag is provided.
src/app/dashboard/page.tsx(2898,41): error TS17004: Cannot use JSX unless the '--jsx' flag is provided.
src/app/dashboard/page.tsx(2899,56): error TS17004: Cannot use JSX unless the '--jsx' flag is provided.
src/app/dashboard/page.tsx(2914,13): error TS17004: Cannot use JSX unless the '--jsx' flag is provided.
src/app/dashboard/page.tsx(2917,17): error TS17004: Cannot use JSX unless the '--jsx' flag is provided.
src/app/dashboard/page.tsx(2918,21): error TS17004: Cannot use JSX unless the '--jsx' flag is provided.
src/app/dashboard/page.tsx(2919,21): error TS17004: Cannot use JSX unless the '--jsx' flag is provided.
src/app/dashboard/page.tsx(2922,17): error TS17004: Cannot use JSX unless the '--jsx' flag is provided.
src/app/dashboard/page.tsx(2923,21): error TS17004: Cannot use JSX unless the '--jsx' flag is provided.
src/app/dashboard/page.tsx(2924,25): error TS17004: Cannot use JSX unless the '--jsx' flag is provided.
src/app/dashboard/page.tsx(2925,25): error TS17004: Cannot use JSX unless the '--jsx' flag is provided.
src/app/dashboard/page.tsx(2929,37): error TS17004: Cannot use JSX unless the '--jsx' flag is provided.
src/app/dashboard/page.tsx(2934,41): error TS17004: Cannot use JSX unless the '--jsx' flag is provided.
src/app/dashboard/page.tsx(2935,45): error TS17004: Cannot use JSX unless the '--jsx' flag is provided.
src/app/dashboard/page.tsx(2936,45): error TS17004: Cannot use JSX unless the '--jsx' flag is provided.
src/app/dashboard/page.tsx(2937,49): error TS17004: Cannot use JSX unless the '--jsx' flag is provided.
src/app/dashboard/page.tsx(2938,49): error TS17004: Cannot use JSX unless the '--jsx' flag is provided.
src/app/dashboard/page.tsx(2939,53): error TS17004: Cannot use JSX unless the '--jsx' flag is provided.
src/app/dashboard/page.tsx(2943,96): error TS2365: Operator '<' cannot be applied to types 'unknown' and 'number'.
src/app/dashboard/page.tsx(2943,106): error TS2365: Operator '>' cannot be applied to types 'unknown' and 'number'.
src/app/dashboard/page.tsx(2945,61): error TS17004: Cannot use JSX unless the '--jsx' flag is provided.
src/app/dashboard/page.tsx(2946,66): error TS2365: Operator '>' cannot be applied to types 'unknown' and 'number'.
src/app/dashboard/page.tsx(2946,85): error TS2322: Type 'unknown' is not assignable to type 'ReactNode'.
src/app/dashboard/page.tsx(2953,41): error TS17004: Cannot use JSX unless the '--jsx' flag is provided.
src/app/dashboard/page.tsx(2954,57): error TS17004: Cannot use JSX unless the '--jsx' flag is provided.
src/app/dashboard/page.tsx(2954,124): error TS17004: Cannot use JSX unless the '--jsx' flag is provided.
src/app/dashboard/page.tsx(2954,173): error TS17004: Cannot use JSX unless the '--jsx' flag is provided.
src/app/dashboard/page.tsx(2962,21): error TS17004: Cannot use JSX unless the '--jsx' flag is provided.
src/app/dashboard/page.tsx(2963,25): error TS17004: Cannot use JSX unless the '--jsx' flag is provided.
src/app/dashboard/page.tsx(2964,25): error TS17004: Cannot use JSX unless the '--jsx' flag is provided.
src/app/dashboard/page.tsx(2969,37): error TS17004: Cannot use JSX unless the '--jsx' flag is provided.
src/app/dashboard/page.tsx(2970,41): error TS17004: Cannot use JSX unless the '--jsx' flag is provided.
src/app/dashboard/page.tsx(2971,45): error TS17004: Cannot use JSX unless the '--jsx' flag is provided.
src/app/dashboard/page.tsx(2972,45): error TS17004: Cannot use JSX unless the '--jsx' flag is provided.
src/app/dashboard/page.tsx(2979,41): error TS17004: Cannot use JSX unless the '--jsx' flag is provided.
src/app/dashboard/page.tsx(2980,41): error TS17004: Cannot use JSX unless the '--jsx' flag is provided.
src/app/dashboard/page.tsx(2985,33): error TS17004: Cannot use JSX unless the '--jsx' flag is provided.
src/app/dashboard/page.tsx(2986,37): error TS17004: Cannot use JSX unless the '--jsx' flag is provided.
src/app/dashboard/page.tsx(2992,21): error TS17004: Cannot use JSX unless the '--jsx' flag is provided.
src/app/dashboard/page.tsx(2993,25): error TS17004: Cannot use JSX unless the '--jsx' flag is provided.
src/app/dashboard/page.tsx(2994,25): error TS17004: Cannot use JSX unless the '--jsx' flag is provided.
src/app/dashboard/page.tsx(3006,37): error TS17004: Cannot use JSX unless the '--jsx' flag is provided.
src/app/dashboard/page.tsx(3007,41): error TS17004: Cannot use JSX unless the '--jsx' flag is provided.
src/app/dashboard/page.tsx(3008,45): error TS17004: Cannot use JSX unless the '--jsx' flag is provided.
src/app/dashboard/page.tsx(3009,45): error TS17004: Cannot use JSX unless the '--jsx' flag is provided.
src/app/dashboard/page.tsx(3010,49): error TS17004: Cannot use JSX unless the '--jsx' flag is provided.
src/app/dashboard/page.tsx(3011,49): error TS17004: Cannot use JSX unless the '--jsx' flag is provided.
src/app/dashboard/page.tsx(3012,53): error TS17004: Cannot use JSX unless the '--jsx' flag is provided.
src/app/dashboard/page.tsx(3014,57): error TS17004: Cannot use JSX unless the '--jsx' flag is provided.
src/app/dashboard/page.tsx(3015,62): error TS2322: Type 'unknown' is not assignable to type 'ReactNode'.
src/app/dashboard/page.tsx(3021,41): error TS17004: Cannot use JSX unless the '--jsx' flag is provided.
src/app/dashboard/page.tsx(3123,21): error TS17004: Cannot use JSX unless the '--jsx' flag is provided.
src/app/dashboard/page.tsx(3125,25): error TS17004: Cannot use JSX unless the '--jsx' flag is provided.
src/app/dashboard/page.tsx(3130,25): error TS17004: Cannot use JSX unless the '--jsx' flag is provided.
src/app/dashboard/page.tsx(3131,29): error TS17004: Cannot use JSX unless the '--jsx' flag is provided.
src/app/dashboard/page.tsx(3132,33): error TS17004: Cannot use JSX unless the '--jsx' flag is provided.
src/app/dashboard/page.tsx(3133,37): error TS17004: Cannot use JSX unless the '--jsx' flag is provided.
src/app/dashboard/page.tsx(3134,37): error TS17004: Cannot use JSX unless the '--jsx' flag is provided.
src/app/dashboard/page.tsx(3135,37): error TS17004: Cannot use JSX unless the '--jsx' flag is provided.
src/app/dashboard/page.tsx(3137,33): error TS17004: Cannot use JSX unless the '--jsx' flag is provided.
src/app/dashboard/page.tsx(3138,37): error TS17004: Cannot use JSX unless the '--jsx' flag is provided.
src/app/dashboard/page.tsx(3139,37): error TS17004: Cannot use JSX unless the '--jsx' flag is provided.
src/app/dashboard/page.tsx(3146,29): error TS17004: Cannot use JSX unless the '--jsx' flag is provided.
src/app/dashboard/page.tsx(3147,33): error TS17004: Cannot use JSX unless the '--jsx' flag is provided.
src/app/dashboard/page.tsx(3148,37): error TS17004: Cannot use JSX unless the '--jsx' flag is provided.
src/app/dashboard/page.tsx(3149,41): error TS17004: Cannot use JSX unless the '--jsx' flag is provided.
src/app/dashboard/page.tsx(3150,45): error TS17004: Cannot use JSX unless the '--jsx' flag is provided.
src/app/dashboard/page.tsx(3151,45): error TS17004: Cannot use JSX unless the '--jsx' flag is provided.
src/app/dashboard/page.tsx(3154,37): error TS17004: Cannot use JSX unless the '--jsx' flag is provided.
src/app/dashboard/page.tsx(3158,37): error TS17004: Cannot use JSX unless the '--jsx' flag is provided.
src/app/dashboard/page.tsx(3160,33): error TS17004: Cannot use JSX unless the '--jsx' flag is provided.
src/app/dashboard/page.tsx(3161,33): error TS17004: Cannot use JSX unless the '--jsx' flag is provided.
src/app/dashboard/page.tsx(3165,29): error TS17004: Cannot use JSX unless the '--jsx' flag is provided.
src/app/dashboard/page.tsx(3166,33): error TS17004: Cannot use JSX unless the '--jsx' flag is provided.
src/app/dashboard/page.tsx(3167,37): error TS17004: Cannot use JSX unless the '--jsx' flag is provided.
src/app/dashboard/page.tsx(3168,37): error TS17004: Cannot use JSX unless the '--jsx' flag is provided.
src/app/dashboard/page.tsx(3169,37): error TS17004: Cannot use JSX unless the '--jsx' flag is provided.
src/app/dashboard/page.tsx(3171,33): error TS17004: Cannot use JSX unless the '--jsx' flag is provided.
src/app/dashboard/page.tsx(3172,37): error TS17004: Cannot use JSX unless the '--jsx' flag is provided.
src/app/dashboard/page.tsx(3173,37): error TS17004: Cannot use JSX unless the '--jsx' flag is provided.
src/app/dashboard/page.tsx(3174,37): error TS17004: Cannot use JSX unless the '--jsx' flag is provided.
src/app/dashboard/page.tsx(3176,33): error TS17004: Cannot use JSX unless the '--jsx' flag is provided.
src/app/dashboard/page.tsx(3177,37): error TS17004: Cannot use JSX unless the '--jsx' flag is provided.
src/app/dashboard/page.tsx(3178,37): error TS17004: Cannot use JSX unless the '--jsx' flag is provided.
src/app/dashboard/page.tsx(3179,37): error TS17004: Cannot use JSX unless the '--jsx' flag is provided.
src/app/dashboard/page.tsx(3186,29): error TS17004: Cannot use JSX unless the '--jsx' flag is provided.
src/app/dashboard/page.tsx(3187,33): error TS17004: Cannot use JSX unless the '--jsx' flag is provided.
src/app/dashboard/page.tsx(3188,33): error TS17004: Cannot use JSX unless the '--jsx' flag is provided.
src/app/dashboard/page.tsx(3189,37): error TS17004: Cannot use JSX unless the '--jsx' flag is provided.
src/app/dashboard/page.tsx(3190,41): error TS17004: Cannot use JSX unless the '--jsx' flag is provided.
src/app/dashboard/page.tsx(3191,41): error TS17004: Cannot use JSX unless the '--jsx' flag is provided.
src/app/dashboard/page.tsx(3193,37): error TS17004: Cannot use JSX unless the '--jsx' flag is provided.
src/app/dashboard/page.tsx(3194,41): error TS17004: Cannot use JSX unless the '--jsx' flag is provided.
src/app/dashboard/page.tsx(3195,41): error TS17004: Cannot use JSX unless the '--jsx' flag is provided.
src/app/dashboard/page.tsx(3197,37): error TS17004: Cannot use JSX unless the '--jsx' flag is provided.
src/app/dashboard/page.tsx(3198,41): error TS17004: Cannot use JSX unless the '--jsx' flag is provided.
src/app/dashboard/page.tsx(3201,52): error TS17004: Cannot use JSX unless the '--jsx' flag is provided.
src/app/dashboard/page.tsx(3209,25): error TS17004: Cannot use JSX unless the '--jsx' flag is provided.
src/app/dashboard/page.tsx(3210,29): error TS17004: Cannot use JSX unless the '--jsx' flag is provided.
src/app/dashboard/page.tsx(3211,29): error TS17004: Cannot use JSX unless the '--jsx' flag is provided.
src/app/dashboard/page.tsx(3212,33): error TS17004: Cannot use JSX unless the '--jsx' flag is provided.
src/app/dashboard/page.tsx(3212,82): error TS17004: Cannot use JSX unless the '--jsx' flag is provided.
src/app/dashboard/page.tsx(3213,33): error TS17004: Cannot use JSX unless the '--jsx' flag is provided.
src/app/dashboard/page.tsx(3215,29): error TS17004: Cannot use JSX unless the '--jsx' flag is provided.
src/app/dashboard/page.tsx(3217,29): error TS17004: Cannot use JSX unless the '--jsx' flag is provided.
src/app/dashboard/page.tsx(3217,93): error TS17004: Cannot use JSX unless the '--jsx' flag is provided.
src/app/dashboard/page.tsx(3217,207): error TS17004: Cannot use JSX unless the '--jsx' flag is provided.
src/app/dashboard/page.tsx(3218,29): error TS17004: Cannot use JSX unless the '--jsx' flag is provided.
src/app/dashboard/page.tsx(3219,33): error TS17004: Cannot use JSX unless the '--jsx' flag is provided.
src/app/dashboard/page.tsx(3226,33): error TS17004: Cannot use JSX unless the '--jsx' flag is provided.
src/app/dashboard/page.tsx(3241,17): error TS17004: Cannot use JSX unless the '--jsx' flag is provided.
src/app/dashboard/page.tsx(3243,21): error TS17004: Cannot use JSX unless the '--jsx' flag is provided.
src/app/dashboard/page.tsx(3244,25): error TS17004: Cannot use JSX unless the '--jsx' flag is provided.
src/app/dashboard/page.tsx(3245,29): error TS17004: Cannot use JSX unless the '--jsx' flag is provided.
src/app/dashboard/page.tsx(3246,29): error TS17004: Cannot use JSX unless the '--jsx' flag is provided.
src/app/dashboard/page.tsx(3249,29): error TS17004: Cannot use JSX unless the '--jsx' flag is provided.
src/app/dashboard/page.tsx(3250,33): error TS17004: Cannot use JSX unless the '--jsx' flag is provided.
src/app/dashboard/page.tsx(3251,33): error TS17004: Cannot use JSX unless the '--jsx' flag is provided.
src/app/dashboard/page.tsx(3259,21): error TS17004: Cannot use JSX unless the '--jsx' flag is provided.
src/app/dashboard/page.tsx(3261,29): error TS17004: Cannot use JSX unless the '--jsx' flag is provided.
src/app/dashboard/page.tsx(3270,25): error TS17004: Cannot use JSX unless the '--jsx' flag is provided.
src/app/dashboard/page.tsx(3287,29): error TS17004: Cannot use JSX unless the '--jsx' flag is provided.
src/app/dashboard/page.tsx(3289,33): error TS17004: Cannot use JSX unless the '--jsx' flag is provided.
src/app/dashboard/page.tsx(3291,37): error TS17004: Cannot use JSX unless the '--jsx' flag is provided.
src/app/dashboard/page.tsx(3292,41): error TS17004: Cannot use JSX unless the '--jsx' flag is provided.
src/app/dashboard/page.tsx(3293,45): error TS17004: Cannot use JSX unless the '--jsx' flag is provided.
src/app/dashboard/page.tsx(3294,71): error TS17004: Cannot use JSX unless the '--jsx' flag is provided.
src/app/dashboard/page.tsx(3296,41): error TS17004: Cannot use JSX unless the '--jsx' flag is provided.
src/app/dashboard/page.tsx(3297,41): error TS17004: Cannot use JSX unless the '--jsx' flag is provided.
src/app/dashboard/page.tsx(3297,86): error TS17004: Cannot use JSX unless the '--jsx' flag is provided.
src/app/dashboard/page.tsx(3297,149): error TS17004: Cannot use JSX unless the '--jsx' flag is provided.
src/app/dashboard/page.tsx(3301,37): error TS17004: Cannot use JSX unless the '--jsx' flag is provided.
src/app/dashboard/page.tsx(3302,41): error TS17004: Cannot use JSX unless the '--jsx' flag is provided.
src/app/dashboard/page.tsx(3303,45): error TS17004: Cannot use JSX unless the '--jsx' flag is provided.
src/app/dashboard/page.tsx(3308,37): error TS17004: Cannot use JSX unless the '--jsx' flag is provided.
src/app/dashboard/page.tsx(3309,41): error TS17004: Cannot use JSX unless the '--jsx' flag is provided.
src/app/dashboard/page.tsx(3310,41): error TS17004: Cannot use JSX unless the '--jsx' flag is provided.
src/app/dashboard/page.tsx(3366,13): error TS17004: Cannot use JSX unless the '--jsx' flag is provided.
src/app/dashboard/page.tsx(3367,17): error TS17004: Cannot use JSX unless the '--jsx' flag is provided.
src/app/dashboard/page.tsx(3368,21): error TS17004: Cannot use JSX unless the '--jsx' flag is provided.
src/app/dashboard/page.tsx(3369,25): error TS17004: Cannot use JSX unless the '--jsx' flag is provided.
src/app/dashboard/page.tsx(3370,29): error TS17004: Cannot use JSX unless the '--jsx' flag is provided.
src/app/dashboard/page.tsx(3371,29): error TS17004: Cannot use JSX unless the '--jsx' flag is provided.
src/app/dashboard/page.tsx(3373,25): error TS17004: Cannot use JSX unless the '--jsx' flag is provided.
src/app/dashboard/page.tsx(3374,29): error TS17004: Cannot use JSX unless the '--jsx' flag is provided.
src/app/dashboard/page.tsx(3375,29): error TS17004: Cannot use JSX unless the '--jsx' flag is provided.
src/app/dashboard/page.tsx(3379,21): error TS17004: Cannot use JSX unless the '--jsx' flag is provided.
src/app/dashboard/page.tsx(3380,25): error TS17004: Cannot use JSX unless the '--jsx' flag is provided.
src/app/dashboard/page.tsx(3381,29): error TS17004: Cannot use JSX unless the '--jsx' flag is provided.
src/app/dashboard/page.tsx(3382,29): error TS17004: Cannot use JSX unless the '--jsx' flag is provided.
src/app/dashboard/page.tsx(3384,25): error TS17004: Cannot use JSX unless the '--jsx' flag is provided.
src/app/dashboard/page.tsx(3385,29): error TS17004: Cannot use JSX unless the '--jsx' flag is provided.
src/app/dashboard/page.tsx(3386,29): error TS17004: Cannot use JSX unless the '--jsx' flag is provided.
src/app/dashboard/page.tsx(3390,21): error TS17004: Cannot use JSX unless the '--jsx' flag is provided.
src/app/dashboard/page.tsx(3391,25): error TS17004: Cannot use JSX unless the '--jsx' flag is provided.
src/app/dashboard/page.tsx(3393,21): error TS17004: Cannot use JSX unless the '--jsx' flag is provided.
src/app/dashboard/page.tsx(3394,25): error TS17004: Cannot use JSX unless the '--jsx' flag is provided.
src/app/dashboard/page.tsx(3395,25): error TS17004: Cannot use JSX unless the '--jsx' flag is provided.
src/app/dashboard/page.tsx(3398,21): error TS17004: Cannot use JSX unless the '--jsx' flag is provided.
src/app/dashboard/page.tsx(3399,25): error TS17004: Cannot use JSX unless the '--jsx' flag is provided.
src/app/dashboard/page.tsx(3406,25): error TS17004: Cannot use JSX unless the '--jsx' flag is provided.
src/app/dashboard/page.tsx(3431,13): error TS17004: Cannot use JSX unless the '--jsx' flag is provided.
src/app/dashboard/page.tsx(3432,17): error TS17004: Cannot use JSX unless the '--jsx' flag is provided.
src/app/dashboard/page.tsx(3433,21): error TS17004: Cannot use JSX unless the '--jsx' flag is provided.
src/app/dashboard/page.tsx(3434,21): error TS17004: Cannot use JSX unless the '--jsx' flag is provided.
src/app/dashboard/page.tsx(3436,21): error TS17004: Cannot use JSX unless the '--jsx' flag is provided.
src/app/dashboard/page.tsx(3437,25): error TS17004: Cannot use JSX unless the '--jsx' flag is provided.
src/app/dashboard/page.tsx(3438,25): error TS17004: Cannot use JSX unless the '--jsx' flag is provided.
src/app/dashboard/page.tsx(3440,21): error TS17004: Cannot use JSX unless the '--jsx' flag is provided.
src/app/dashboard/page.tsx(3441,25): error TS17004: Cannot use JSX unless the '--jsx' flag is provided.
src/app/dashboard/page.tsx(3444,21): error TS17004: Cannot use JSX unless the '--jsx' flag is provided.
src/app/dashboard/page.tsx(3445,25): error TS17004: Cannot use JSX unless the '--jsx' flag is provided.
src/app/dashboard/page.tsx(3446,29): error TS17004: Cannot use JSX unless the '--jsx' flag is provided.
src/app/dashboard/page.tsx(3447,33): error TS17004: Cannot use JSX unless the '--jsx' flag is provided.
src/app/dashboard/page.tsx(3448,33): error TS17004: Cannot use JSX unless the '--jsx' flag is provided.
src/app/dashboard/page.tsx(3450,29): error TS17004: Cannot use JSX unless the '--jsx' flag is provided.
src/app/dashboard/page.tsx(3452,25): error TS17004: Cannot use JSX unless the '--jsx' flag is provided.
src/app/dashboard/page.tsx(3453,29): error TS17004: Cannot use JSX unless the '--jsx' flag is provided.
src/app/dashboard/page.tsx(3454,33): error TS17004: Cannot use JSX unless the '--jsx' flag is provided.
src/app/dashboard/page.tsx(3455,33): error TS17004: Cannot use JSX unless the '--jsx' flag is provided.
src/app/dashboard/page.tsx(3457,29): error TS17004: Cannot use JSX unless the '--jsx' flag is provided.
src/app/dashboard/page.tsx(3496,13): error TS17004: Cannot use JSX unless the '--jsx' flag is provided.
src/app/dashboard/page.tsx(3497,17): error TS17004: Cannot use JSX unless the '--jsx' flag is provided.
src/app/dashboard/page.tsx(3498,21): error TS17004: Cannot use JSX unless the '--jsx' flag is provided.
src/app/dashboard/page.tsx(3499,21): error TS17004: Cannot use JSX unless the '--jsx' flag is provided.
src/app/dashboard/page.tsx(3501,21): error TS17004: Cannot use JSX unless the '--jsx' flag is provided.
src/app/dashboard/page.tsx(3502,25): error TS17004: Cannot use JSX unless the '--jsx' flag is provided.
src/app/dashboard/page.tsx(3503,29): error TS17004: Cannot use JSX unless the '--jsx' flag is provided.
src/app/dashboard/page.tsx(3504,29): error TS17004: Cannot use JSX unless the '--jsx' flag is provided.
src/app/dashboard/page.tsx(3506,25): error TS17004: Cannot use JSX unless the '--jsx' flag is provided.
src/app/dashboard/page.tsx(3507,29): error TS17004: Cannot use JSX unless the '--jsx' flag is provided.
src/app/dashboard/page.tsx(3508,29): error TS17004: Cannot use JSX unless the '--jsx' flag is provided.
src/app/dashboard/page.tsx(3513,25): error TS17004: Cannot use JSX unless the '--jsx' flag is provided.
src/app/dashboard/page.tsx(3517,25): error TS17004: Cannot use JSX unless the '--jsx' flag is provided.
src/app/dashboard/page.tsx(3518,29): error TS17004: Cannot use JSX unless the '--jsx' flag is provided.
src/app/dashboard/page.tsx(3521,29): error TS17004: Cannot use JSX unless the '--jsx' flag is provided.
src/app/dashboard/page.tsx(3538,32): error TS2307: Cannot find module '@/lib/types/database.types' or its corresponding type declarations.
src/app/dashboard/page.tsx(3570,13): error TS17004: Cannot use JSX unless the '--jsx' flag is provided.
src/app/dashboard/page.tsx(3571,17): error TS17004: Cannot use JSX unless the '--jsx' flag is provided.
src/app/dashboard/page.tsx(3572,21): error TS17004: Cannot use JSX unless the '--jsx' flag is provided.
src/app/dashboard/page.tsx(3573,21): error TS17004: Cannot use JSX unless the '--jsx' flag is provided.
src/app/dashboard/page.tsx(3575,21): error TS17004: Cannot use JSX unless the '--jsx' flag is provided.
src/app/dashboard/page.tsx(3576,25): error TS17004: Cannot use JSX unless the '--jsx' flag is provided.
src/app/dashboard/page.tsx(3577,25): error TS17004: Cannot use JSX unless the '--jsx' flag is provided.
src/app/dashboard/page.tsx(3581,25): error TS17004: Cannot use JSX unless the '--jsx' flag is provided.
src/app/dashboard/page.tsx(3582,29): error TS17004: Cannot use JSX unless the '--jsx' flag is provided.
src/app/dashboard/page.tsx(3583,29): error TS17004: Cannot use JSX unless the '--jsx' flag is provided.
src/app/dashboard/page.tsx(3588,25): error TS17004: Cannot use JSX unless the '--jsx' flag is provided.
src/app/dashboard/page.tsx(3589,29): error TS17004: Cannot use JSX unless the '--jsx' flag is provided.
src/app/dashboard/page.tsx(3591,33): error TS17004: Cannot use JSX unless the '--jsx' flag is provided.
src/app/dashboard/page.tsx(3592,37): error TS17004: Cannot use JSX unless the '--jsx' flag is provided.
src/app/dashboard/page.tsx(3593,41): error TS17004: Cannot use JSX unless the '--jsx' flag is provided.
src/app/dashboard/page.tsx(3594,41): error TS17004: Cannot use JSX unless the '--jsx' flag is provided.
src/app/dashboard/page.tsx(3596,37): error TS17004: Cannot use JSX unless the '--jsx' flag is provided.
src/app/dashboard/page.tsx(3597,41): error TS17004: Cannot use JSX unless the '--jsx' flag is provided.
src/app/dashboard/page.tsx(3599,37): error TS17004: Cannot use JSX unless the '--jsx' flag is provided.
src/app/dashboard/page.tsx(3683,13): error TS17004: Cannot use JSX unless the '--jsx' flag is provided.
src/app/dashboard/page.tsx(3684,17): error TS17004: Cannot use JSX unless the '--jsx' flag is provided.
src/app/dashboard/page.tsx(3685,21): error TS17004: Cannot use JSX unless the '--jsx' flag is provided.
src/app/dashboard/page.tsx(3686,21): error TS17004: Cannot use JSX unless the '--jsx' flag is provided.
src/app/dashboard/page.tsx(3688,21): error TS17004: Cannot use JSX unless the '--jsx' flag is provided.
src/app/dashboard/page.tsx(3689,25): error TS17004: Cannot use JSX unless the '--jsx' flag is provided.
src/app/dashboard/page.tsx(3690,29): error TS17004: Cannot use JSX unless the '--jsx' flag is provided.
src/app/dashboard/page.tsx(3691,33): error TS17004: Cannot use JSX unless the '--jsx' flag is provided.
src/app/dashboard/page.tsx(3692,37): error TS17004: Cannot use JSX unless the '--jsx' flag is provided.
src/app/dashboard/page.tsx(3693,37): error TS17004: Cannot use JSX unless the '--jsx' flag is provided.
src/app/dashboard/page.tsx(3694,41): error TS17004: Cannot use JSX unless the '--jsx' flag is provided.
src/app/dashboard/page.tsx(3695,41): error TS17004: Cannot use JSX unless the '--jsx' flag is provided.
src/app/dashboard/page.tsx(3698,33): error TS17004: Cannot use JSX unless the '--jsx' flag is provided.
src/app/dashboard/page.tsx(3714,29): error TS17004: Cannot use JSX unless the '--jsx' flag is provided.
src/app/dashboard/page.tsx(3715,33): error TS17004: Cannot use JSX unless the '--jsx' flag is provided.
src/app/dashboard/page.tsx(3716,37): error TS17004: Cannot use JSX unless the '--jsx' flag is provided.
src/app/dashboard/page.tsx(3717,41): error TS17004: Cannot use JSX unless the '--jsx' flag is provided.
src/app/dashboard/page.tsx(3718,41): error TS17004: Cannot use JSX unless the '--jsx' flag is provided.
src/app/dashboard/page.tsx(3719,45): error TS17004: Cannot use JSX unless the '--jsx' flag is provided.
src/app/dashboard/page.tsx(3720,45): error TS17004: Cannot use JSX unless the '--jsx' flag is provided.
src/app/dashboard/page.tsx(3723,37): error TS17004: Cannot use JSX unless the '--jsx' flag is provided.
src/app/dashboard/page.tsx(3765,13): error TS17004: Cannot use JSX unless the '--jsx' flag is provided.
src/app/dashboard/page.tsx(3766,17): error TS17004: Cannot use JSX unless the '--jsx' flag is provided.
src/app/dashboard/page.tsx(3767,21): error TS17004: Cannot use JSX unless the '--jsx' flag is provided.
src/app/dashboard/page.tsx(3768,25): error TS17004: Cannot use JSX unless the '--jsx' flag is provided.
src/app/dashboard/page.tsx(3769,29): error TS17004: Cannot use JSX unless the '--jsx' flag is provided.
src/app/dashboard/page.tsx(3770,29): error TS17004: Cannot use JSX unless the '--jsx' flag is provided.
src/app/dashboard/page.tsx(3772,25): error TS17004: Cannot use JSX unless the '--jsx' flag is provided.
src/app/dashboard/page.tsx(3773,29): error TS17004: Cannot use JSX unless the '--jsx' flag is provided.
src/app/dashboard/page.tsx(3774,29): error TS17004: Cannot use JSX unless the '--jsx' flag is provided.
src/app/dashboard/page.tsx(3778,21): error TS17004: Cannot use JSX unless the '--jsx' flag is provided.
src/app/dashboard/page.tsx(3788,29): error TS17004: Cannot use JSX unless the '--jsx' flag is provided.
src/app/dashboard/page.tsx(3789,33): error TS17004: Cannot use JSX unless the '--jsx' flag is provided.
src/app/dashboard/page.tsx(3790,37): error TS17004: Cannot use JSX unless the '--jsx' flag is provided.
src/app/dashboard/page.tsx(3791,41): error TS17004: Cannot use JSX unless the '--jsx' flag is provided.
src/app/dashboard/page.tsx(3792,41): error TS17004: Cannot use JSX unless the '--jsx' flag is provided.
src/app/dashboard/page.tsx(3793,45): error TS17004: Cannot use JSX unless the '--jsx' flag is provided.
src/app/dashboard/page.tsx(3794,45): error TS17004: Cannot use JSX unless the '--jsx' flag is provided.
src/app/dashboard/page.tsx(3797,37): error TS17004: Cannot use JSX unless the '--jsx' flag is provided.
src/app/dashboard/page.tsx(3814,36): error TS2367: This comparison appears to be unintentional because the types '"options" | "sector" | "corporate_debt" | "manda_acquire" | "subsidiary" | "fines"' and '"pr_comms"' have no overlap.
src/app/dashboard/page.tsx(3834,13): error TS17004: Cannot use JSX unless the '--jsx' flag is provided.
src/app/dashboard/page.tsx(3835,17): error TS17004: Cannot use JSX unless the '--jsx' flag is provided.
src/app/dashboard/page.tsx(3836,21): error TS17004: Cannot use JSX unless the '--jsx' flag is provided.
src/app/dashboard/page.tsx(3837,25): error TS17004: Cannot use JSX unless the '--jsx' flag is provided.
src/app/dashboard/page.tsx(3838,29): error TS17004: Cannot use JSX unless the '--jsx' flag is provided.
src/app/dashboard/page.tsx(3839,29): error TS17004: Cannot use JSX unless the '--jsx' flag is provided.
src/app/dashboard/page.tsx(3841,25): error TS17004: Cannot use JSX unless the '--jsx' flag is provided.
src/app/dashboard/page.tsx(3842,29): error TS17004: Cannot use JSX unless the '--jsx' flag is provided.
src/app/dashboard/page.tsx(3843,29): error TS17004: Cannot use JSX unless the '--jsx' flag is provided.
src/app/dashboard/page.tsx(3847,21): error TS17004: Cannot use JSX unless the '--jsx' flag is provided.
src/app/dashboard/page.tsx(3848,25): error TS17004: Cannot use JSX unless the '--jsx' flag is provided.
src/app/dashboard/page.tsx(3849,29): error TS17004: Cannot use JSX unless the '--jsx' flag is provided.
src/app/dashboard/page.tsx(3850,33): error TS17004: Cannot use JSX unless the '--jsx' flag is provided.
src/app/dashboard/page.tsx(3851,33): error TS17004: Cannot use JSX unless the '--jsx' flag is provided.
src/app/dashboard/page.tsx(3854,25): error TS17004: Cannot use JSX unless the '--jsx' flag is provided.
src/app/dashboard/page.tsx(3857,21): error TS17004: Cannot use JSX unless the '--jsx' flag is provided.
src/app/dashboard/page.tsx(3865,29): error TS17004: Cannot use JSX unless the '--jsx' flag is provided.
src/app/dashboard/page.tsx(3866,33): error TS17004: Cannot use JSX unless the '--jsx' flag is provided.
src/app/dashboard/page.tsx(3867,37): error TS17004: Cannot use JSX unless the '--jsx' flag is provided.
src/app/dashboard/page.tsx(3868,41): error TS17004: Cannot use JSX unless the '--jsx' flag is provided.
src/app/dashboard/page.tsx(3869,41): error TS17004: Cannot use JSX unless the '--jsx' flag is provided.
src/app/dashboard/page.tsx(3870,45): error TS17004: Cannot use JSX unless the '--jsx' flag is provided.
src/app/dashboard/page.tsx(3871,45): error TS17004: Cannot use JSX unless the '--jsx' flag is provided.
src/app/dashboard/page.tsx(3874,37): error TS17004: Cannot use JSX unless the '--jsx' flag is provided.
src/app/dashboard/page.tsx(3908,13): error TS17004: Cannot use JSX unless the '--jsx' flag is provided.
src/app/dashboard/page.tsx(3909,17): error TS17004: Cannot use JSX unless the '--jsx' flag is provided.
src/app/dashboard/page.tsx(3910,21): error TS17004: Cannot use JSX unless the '--jsx' flag is provided.
src/app/dashboard/page.tsx(3911,21): error TS17004: Cannot use JSX unless the '--jsx' flag is provided.
src/app/dashboard/page.tsx(3915,21): error TS17004: Cannot use JSX unless the '--jsx' flag is provided.
src/app/dashboard/page.tsx(3916,25): error TS17004: Cannot use JSX unless the '--jsx' flag is provided.
src/app/dashboard/page.tsx(3917,25): error TS17004: Cannot use JSX unless the '--jsx' flag is provided.
src/app/dashboard/page.tsx(3918,25): error TS17004: Cannot use JSX unless the '--jsx' flag is provided.
src/app/dashboard/page.tsx(3921,21): error TS17004: Cannot use JSX unless the '--jsx' flag is provided.
src/app/dashboard/page.tsx(3923,29): error TS17004: Cannot use JSX unless the '--jsx' flag is provided.
src/app/dashboard/page.tsx(3924,33): error TS17004: Cannot use JSX unless the '--jsx' flag is provided.
src/app/dashboard/page.tsx(3927,33): error TS17004: Cannot use JSX unless the '--jsx' flag is provided.
src/app/dashboard/page.tsx(3928,37): error TS17004: Cannot use JSX unless the '--jsx' flag is provided.
src/app/dashboard/page.tsx(3929,41): error TS17004: Cannot use JSX unless the '--jsx' flag is provided.
src/app/dashboard/page.tsx(3930,41): error TS17004: Cannot use JSX unless the '--jsx' flag is provided.
src/app/dashboard/page.tsx(3934,33): error TS17004: Cannot use JSX unless the '--jsx' flag is provided.
src/app/dashboard/page.tsx(3935,37): error TS17004: Cannot use JSX unless the '--jsx' flag is provided.
src/app/dashboard/page.tsx(3936,41): error TS17004: Cannot use JSX unless the '--jsx' flag is provided.
src/app/dashboard/page.tsx(3937,41): error TS17004: Cannot use JSX unless the '--jsx' flag is provided.
src/app/dashboard/page.tsx(3939,37): error TS17004: Cannot use JSX unless the '--jsx' flag is provided.
src/app/dashboard/page.tsx(3940,41): error TS17004: Cannot use JSX unless the '--jsx' flag is provided.
src/app/dashboard/page.tsx(3941,41): error TS17004: Cannot use JSX unless the '--jsx' flag is provided.
src/app/dashboard/page.tsx(3945,33): error TS17004: Cannot use JSX unless the '--jsx' flag is provided.
src/app/dashboard/page.tsx(3946,37): error TS17004: Cannot use JSX unless the '--jsx' flag is provided.
src/app/dashboard/page.tsx(3952,37): error TS17004: Cannot use JSX unless the '--jsx' flag is provided.
src/app/dashboard/page.tsx(3954,41): error TS17004: Cannot use JSX unless the '--jsx' flag is provided.
src/app/dashboard/page.tsx(3968,13): error TS17004: Cannot use JSX unless the '--jsx' flag is provided.
src/app/dashboard/page.tsx(3969,17): error TS17004: Cannot use JSX unless the '--jsx' flag is provided.
src/app/dashboard/page.tsx(3970,17): error TS17004: Cannot use JSX unless the '--jsx' flag is provided.
src/app/dashboard/page.tsx(3971,17): error TS17004: Cannot use JSX unless the '--jsx' flag is provided.
src/app/dashboard/page.tsx(4017,20): error TS2307: Cannot find module '@/lib/engine/publicMarket' or its corresponding type declarations.
src/app/dashboard/page.tsx(4983,38): error TS2307: Cannot find module '@/lib/types/database.types' or its corresponding type declarations.
src/app/dashboard/page.tsx(5934,9): error TS17004: Cannot use JSX unless the '--jsx' flag is provided.
src/app/dashboard/page.tsx(5937,13): error TS17004: Cannot use JSX unless the '--jsx' flag is provided.
src/app/dashboard/page.tsx(5939,21): error TS17004: Cannot use JSX unless the '--jsx' flag is provided.
src/app/dashboard/page.tsx(5945,25): error TS17004: Cannot use JSX unless the '--jsx' flag is provided.
src/app/dashboard/page.tsx(5947,29): error TS17004: Cannot use JSX unless the '--jsx' flag is provided.
src/app/dashboard/page.tsx(5949,29): error TS17004: Cannot use JSX unless the '--jsx' flag is provided.
src/app/dashboard/page.tsx(5954,29): error TS17004: Cannot use JSX unless the '--jsx' flag is provided.
src/app/dashboard/page.tsx(5955,33): error TS17004: Cannot use JSX unless the '--jsx' flag is provided.
src/app/dashboard/page.tsx(5959,25): error TS17004: Cannot use JSX unless the '--jsx' flag is provided.
src/app/dashboard/page.tsx(5964,29): error TS17004: Cannot use JSX unless the '--jsx' flag is provided.
src/app/dashboard/page.tsx(5965,29): error TS17004: Cannot use JSX unless the '--jsx' flag is provided.
src/app/dashboard/page.tsx(5969,25): error TS17004: Cannot use JSX unless the '--jsx' flag is provided.
src/app/dashboard/page.tsx(5971,33): error TS17004: Cannot use JSX unless the '--jsx' flag is provided.
src/app/dashboard/page.tsx(5984,13): error TS17004: Cannot use JSX unless the '--jsx' flag is provided.
src/app/dashboard/page.tsx(5986,17): error TS17004: Cannot use JSX unless the '--jsx' flag is provided.
src/app/dashboard/page.tsx(5990,21): error TS17004: Cannot use JSX unless the '--jsx' flag is provided.
src/app/dashboard/page.tsx(5991,25): error TS17004: Cannot use JSX unless the '--jsx' flag is provided.
src/app/dashboard/page.tsx(5994,25): error TS17004: Cannot use JSX unless the '--jsx' flag is provided.
src/app/dashboard/page.tsx(5995,29): error TS17004: Cannot use JSX unless the '--jsx' flag is provided.
src/app/dashboard/page.tsx(5996,29): error TS17004: Cannot use JSX unless the '--jsx' flag is provided.
src/app/dashboard/page.tsx(5996,175): error TS17004: Cannot use JSX unless the '--jsx' flag is provided.
src/app/dashboard/page.tsx(5999,21): error TS17004: Cannot use JSX unless the '--jsx' flag is provided.
src/app/dashboard/page.tsx(6007,33): error TS17004: Cannot use JSX unless the '--jsx' flag is provided.
src/app/dashboard/page.tsx(6049,37): error TS17004: Cannot use JSX unless the '--jsx' flag is provided.
src/app/dashboard/page.tsx(6050,41): error TS17004: Cannot use JSX unless the '--jsx' flag is provided.
src/app/dashboard/page.tsx(6053,41): error TS17004: Cannot use JSX unless the '--jsx' flag is provided.
src/app/dashboard/page.tsx(6055,41): error TS17004: Cannot use JSX unless the '--jsx' flag is provided.
src/app/dashboard/page.tsx(6061,25): error TS17004: Cannot use JSX unless the '--jsx' flag is provided.
src/app/dashboard/page.tsx(6062,25): error TS17004: Cannot use JSX unless the '--jsx' flag is provided.
src/app/dashboard/page.tsx(6063,29): error TS17004: Cannot use JSX unless the '--jsx' flag is provided.
src/app/dashboard/page.tsx(6064,33): error TS17004: Cannot use JSX unless the '--jsx' flag is provided.
src/app/dashboard/page.tsx(6066,29): error TS17004: Cannot use JSX unless the '--jsx' flag is provided.
src/app/dashboard/page.tsx(6067,33): error TS17004: Cannot use JSX unless the '--jsx' flag is provided.
src/app/dashboard/page.tsx(6068,33): error TS17004: Cannot use JSX unless the '--jsx' flag is provided.
src/app/dashboard/page.tsx(6069,33): error TS17004: Cannot use JSX unless the '--jsx' flag is provided.
src/app/dashboard/page.tsx(6070,37): error TS17004: Cannot use JSX unless the '--jsx' flag is provided.
src/app/dashboard/page.tsx(6072,33): error TS17004: Cannot use JSX unless the '--jsx' flag is provided.
src/app/dashboard/page.tsx(6073,37): error TS17004: Cannot use JSX unless the '--jsx' flag is provided.
src/app/dashboard/page.tsx(6075,33): error TS17004: Cannot use JSX unless the '--jsx' flag is provided.
src/app/dashboard/page.tsx(6076,37): error TS17004: Cannot use JSX unless the '--jsx' flag is provided.
src/app/dashboard/page.tsx(6078,33): error TS17004: Cannot use JSX unless the '--jsx' flag is provided.
src/app/dashboard/page.tsx(6079,33): error TS17004: Cannot use JSX unless the '--jsx' flag is provided.
src/app/dashboard/page.tsx(6085,51): error TS17004: Cannot use JSX unless the '--jsx' flag is provided.
src/app/dashboard/page.tsx(6085,90): error TS17004: Cannot use JSX unless the '--jsx' flag is provided.
src/app/dashboard/page.tsx(6087,33): error TS17004: Cannot use JSX unless the '--jsx' flag is provided.
src/app/dashboard/page.tsx(6091,47): error TS17004: Cannot use JSX unless the '--jsx' flag is provided.
src/app/dashboard/page.tsx(6091,82): error TS17004: Cannot use JSX unless the '--jsx' flag is provided.
src/app/dashboard/page.tsx(6093,33): error TS17004: Cannot use JSX unless the '--jsx' flag is provided.
src/app/dashboard/page.tsx(6094,33): error TS17004: Cannot use JSX unless the '--jsx' flag is provided.
src/app/dashboard/page.tsx(6095,37): error TS17004: Cannot use JSX unless the '--jsx' flag is provided.
src/app/dashboard/page.tsx(6097,33): error TS17004: Cannot use JSX unless the '--jsx' flag is provided.
src/app/dashboard/page.tsx(6106,37): error TS17004: Cannot use JSX unless the '--jsx' flag is provided.
src/app/dashboard/page.tsx(6109,33): error TS17004: Cannot use JSX unless the '--jsx' flag is provided.
src/app/dashboard/page.tsx(6110,37): error TS17004: Cannot use JSX unless the '--jsx' flag is provided.
src/app/dashboard/page.tsx(6113,37): error TS17004: Cannot use JSX unless the '--jsx' flag is provided.
src/app/dashboard/page.tsx(6114,41): error TS17004: Cannot use JSX unless the '--jsx' flag is provided.
src/app/dashboard/page.tsx(6123,17): error TS17004: Cannot use JSX unless the '--jsx' flag is provided.
src/app/dashboard/page.tsx(6132,21): error TS17004: Cannot use JSX unless the '--jsx' flag is provided.
src/app/dashboard/page.tsx(6146,17): error TS17004: Cannot use JSX unless the '--jsx' flag is provided.
src/app/dashboard/page.tsx(6150,21): error TS17004: Cannot use JSX unless the '--jsx' flag is provided.
src/app/dashboard/page.tsx(6151,25): error TS17004: Cannot use JSX unless the '--jsx' flag is provided.
src/app/dashboard/page.tsx(6152,29): error TS17004: Cannot use JSX unless the '--jsx' flag is provided.
src/app/dashboard/page.tsx(6157,29): error TS17004: Cannot use JSX unless the '--jsx' flag is provided.
src/app/dashboard/page.tsx(6158,33): error TS17004: Cannot use JSX unless the '--jsx' flag is provided.
src/app/dashboard/page.tsx(6159,33): error TS17004: Cannot use JSX unless the '--jsx' flag is provided.
src/app/dashboard/page.tsx(6163,37): error TS17004: Cannot use JSX unless the '--jsx' flag is provided.
src/app/dashboard/page.tsx(6173,25): error TS17004: Cannot use JSX unless the '--jsx' flag is provided.
src/app/dashboard/page.tsx(6175,29): error TS17004: Cannot use JSX unless the '--jsx' flag is provided.
src/app/dashboard/page.tsx(6176,33): error TS17004: Cannot use JSX unless the '--jsx' flag is provided.
src/app/dashboard/page.tsx(6177,37): error TS17004: Cannot use JSX unless the '--jsx' flag is provided.
src/app/dashboard/page.tsx(6183,33): error TS17004: Cannot use JSX unless the '--jsx' flag is provided.
src/app/dashboard/page.tsx(6188,25): error TS17004: Cannot use JSX unless the '--jsx' flag is provided.
src/app/dashboard/page.tsx(6189,29): error TS17004: Cannot use JSX unless the '--jsx' flag is provided.
src/app/dashboard/page.tsx(6203,17): error TS17004: Cannot use JSX unless the '--jsx' flag is provided.
src/app/dashboard/page.tsx(6205,21): error TS17004: Cannot use JSX unless the '--jsx' flag is provided.
src/app/dashboard/page.tsx(6206,25): error TS17004: Cannot use JSX unless the '--jsx' flag is provided.
src/app/dashboard/page.tsx(6210,29): error TS17004: Cannot use JSX unless the '--jsx' flag is provided.
src/app/dashboard/page.tsx(6211,33): error TS17004: Cannot use JSX unless the '--jsx' flag is provided.
src/app/dashboard/page.tsx(6213,29): error TS17004: Cannot use JSX unless the '--jsx' flag is provided.
src/app/dashboard/page.tsx(6214,33): error TS17004: Cannot use JSX unless the '--jsx' flag is provided.
src/app/dashboard/page.tsx(6215,37): error TS17004: Cannot use JSX unless the '--jsx' flag is provided.
src/app/dashboard/page.tsx(6216,37): error TS17004: Cannot use JSX unless the '--jsx' flag is provided.
src/app/dashboard/page.tsx(6218,33): error TS17004: Cannot use JSX unless the '--jsx' flag is provided.
src/app/dashboard/page.tsx(6221,25): error TS17004: Cannot use JSX unless the '--jsx' flag is provided.
src/app/dashboard/page.tsx(6222,29): error TS17004: Cannot use JSX unless the '--jsx' flag is provided.
src/app/dashboard/page.tsx(6223,33): error TS17004: Cannot use JSX unless the '--jsx' flag is provided.
src/app/dashboard/page.tsx(6226,33): error TS17004: Cannot use JSX unless the '--jsx' flag is provided.
src/app/dashboard/page.tsx(6233,37): error TS17004: Cannot use JSX unless the '--jsx' flag is provided.
src/app/dashboard/page.tsx(6258,21): error TS17004: Cannot use JSX unless the '--jsx' flag is provided.
src/app/dashboard/page.tsx(6274,29): error TS17004: Cannot use JSX unless the '--jsx' flag is provided.
src/app/dashboard/page.tsx(6280,33): error TS17004: Cannot use JSX unless the '--jsx' flag is provided.
src/app/dashboard/page.tsx(6281,33): error TS17004: Cannot use JSX unless the '--jsx' flag is provided.
src/app/dashboard/page.tsx(6282,37): error TS17004: Cannot use JSX unless the '--jsx' flag is provided.
src/app/dashboard/page.tsx(6283,37): error TS17004: Cannot use JSX unless the '--jsx' flag is provided.
src/app/dashboard/page.tsx(6294,17): error TS17004: Cannot use JSX unless the '--jsx' flag is provided.
src/app/dashboard/page.tsx(6295,21): error TS17004: Cannot use JSX unless the '--jsx' flag is provided.
src/app/dashboard/page.tsx(6300,13): error TS17004: Cannot use JSX unless the '--jsx' flag is provided.
src/app/dashboard/page.tsx(6302,21): error TS17004: Cannot use JSX unless the '--jsx' flag is provided.
src/app/dashboard/page.tsx(6303,25): error TS17004: Cannot use JSX unless the '--jsx' flag is provided.
src/app/dashboard/page.tsx(6304,25): error TS17004: Cannot use JSX unless the '--jsx' flag is provided.
src/app/dashboard/page.tsx(6305,25): error TS17004: Cannot use JSX unless the '--jsx' flag is provided.
src/app/dashboard/page.tsx(6332,29): error TS17004: Cannot use JSX unless the '--jsx' flag is provided.
src/app/dashboard/page.tsx(6334,33): error TS17004: Cannot use JSX unless the '--jsx' flag is provided.
src/app/dashboard/page.tsx(6335,37): error TS17004: Cannot use JSX unless the '--jsx' flag is provided.
src/app/dashboard/page.tsx(6338,37): error TS17004: Cannot use JSX unless the '--jsx' flag is provided.
src/app/dashboard/page.tsx(6342,33): error TS17004: Cannot use JSX unless the '--jsx' flag is provided.
src/app/dashboard/page.tsx(6346,45): error TS17004: Cannot use JSX unless the '--jsx' flag is provided.
src/app/dashboard/page.tsx(6348,49): error TS17004: Cannot use JSX unless the '--jsx' flag is provided.
src/app/dashboard/page.tsx(6349,49): error TS17004: Cannot use JSX unless the '--jsx' flag is provided.
src/app/dashboard/page.tsx(6350,53): error TS17004: Cannot use JSX unless the '--jsx' flag is provided.
src/app/dashboard/page.tsx(6351,57): error TS17004: Cannot use JSX unless the '--jsx' flag is provided.
src/app/dashboard/page.tsx(6353,53): error TS17004: Cannot use JSX unless the '--jsx' flag is provided.
src/app/dashboard/page.tsx(6368,13): error TS17004: Cannot use JSX unless the '--jsx' flag is provided.
src/app/dashboard/page.tsx(6373,17): error TS17004: Cannot use JSX unless the '--jsx' flag is provided.
src/app/dashboard/page.tsx(6377,25): error TS17004: Cannot use JSX unless the '--jsx' flag is provided.
src/app/dashboard/page.tsx(6378,29): error TS17004: Cannot use JSX unless the '--jsx' flag is provided.
src/app/dashboard/page.tsx(6381,25): error TS17004: Cannot use JSX unless the '--jsx' flag is provided.
src/app/dashboard/page.tsx(6383,33): error TS17004: Cannot use JSX unless the '--jsx' flag is provided.
src/app/dashboard/page.tsx(6399,33): error TS17004: Cannot use JSX unless the '--jsx' flag is provided.
src/app/dashboard/page.tsx(6404,53): error TS17004: Cannot use JSX unless the '--jsx' flag is provided.
src/app/dashboard/page.tsx(6404,55): error TS17004: Cannot use JSX unless the '--jsx' flag is provided.
src/app/dashboard/page.tsx(6404,181): error TS17004: Cannot use JSX unless the '--jsx' flag is provided.
src/app/dashboard/page.tsx(6411,21): error TS17004: Cannot use JSX unless the '--jsx' flag is provided.
src/app/dashboard/page.tsx(6413,25): error TS17004: Cannot use JSX unless the '--jsx' flag is provided.
src/app/dashboard/page.tsx(6414,29): error TS17004: Cannot use JSX unless the '--jsx' flag is provided.
src/app/dashboard/page.tsx(6414,230): error TS17004: Cannot use JSX unless the '--jsx' flag is provided.
src/app/dashboard/page.tsx(6415,29): error TS17004: Cannot use JSX unless the '--jsx' flag is provided.
src/app/dashboard/page.tsx(6418,25): error TS17004: Cannot use JSX unless the '--jsx' flag is provided.
src/app/dashboard/page.tsx(6419,29): error TS17004: Cannot use JSX unless the '--jsx' flag is provided.
src/app/dashboard/page.tsx(6419,230): error TS17004: Cannot use JSX unless the '--jsx' flag is provided.
src/app/dashboard/page.tsx(6420,29): error TS17004: Cannot use JSX unless the '--jsx' flag is provided.
src/app/dashboard/page.tsx(6423,25): error TS17004: Cannot use JSX unless the '--jsx' flag is provided.
src/app/dashboard/page.tsx(6424,29): error TS17004: Cannot use JSX unless the '--jsx' flag is provided.
src/app/dashboard/page.tsx(6424,242): error TS17004: Cannot use JSX unless the '--jsx' flag is provided.
src/app/dashboard/page.tsx(6425,29): error TS17004: Cannot use JSX unless the '--jsx' flag is provided.
src/app/dashboard/page.tsx(6428,25): error TS17004: Cannot use JSX unless the '--jsx' flag is provided.
src/app/dashboard/page.tsx(6429,29): error TS17004: Cannot use JSX unless the '--jsx' flag is provided.
src/app/dashboard/page.tsx(6429,236): error TS17004: Cannot use JSX unless the '--jsx' flag is provided.
src/app/dashboard/page.tsx(6430,29): error TS17004: Cannot use JSX unless the '--jsx' flag is provided.
src/app/dashboard/page.tsx(6438,13): error TS17004: Cannot use JSX unless the '--jsx' flag is provided.
src/app/dashboard/page.tsx(6440,21): error TS17004: Cannot use JSX unless the '--jsx' flag is provided.
src/app/dashboard/page.tsx(6448,25): error TS17004: Cannot use JSX unless the '--jsx' flag is provided.
src/app/dashboard/page.tsx(6449,29): error TS17004: Cannot use JSX unless the '--jsx' flag is provided.
src/app/dashboard/page.tsx(6450,33): error TS17004: Cannot use JSX unless the '--jsx' flag is provided.
src/app/dashboard/page.tsx(6450,68): error TS17004: Cannot use JSX unless the '--jsx' flag is provided.
src/app/dashboard/page.tsx(6452,29): error TS17004: Cannot use JSX unless the '--jsx' flag is provided.
src/app/dashboard/page.tsx(6455,29): error TS17004: Cannot use JSX unless the '--jsx' flag is provided.
src/app/dashboard/page.tsx(6458,25): error TS17004: Cannot use JSX unless the '--jsx' flag is provided.
src/app/dashboard/page.tsx(6459,29): error TS17004: Cannot use JSX unless the '--jsx' flag is provided.
src/app/dashboard/page.tsx(6501,45): error TS17004: Cannot use JSX unless the '--jsx' flag is provided.
src/app/dashboard/page.tsx(6517,49): error TS17004: Cannot use JSX unless the '--jsx' flag is provided.
src/app/dashboard/page.tsx(6518,49): error TS17004: Cannot use JSX unless the '--jsx' flag is provided.
src/app/dashboard/page.tsx(6519,53): error TS17004: Cannot use JSX unless the '--jsx' flag is provided.
src/app/dashboard/page.tsx(6520,80): error TS17004: Cannot use JSX unless the '--jsx' flag is provided.
src/app/dashboard/page.tsx(6522,53): error TS17004: Cannot use JSX unless the '--jsx' flag is provided.
src/app/dashboard/page.tsx(6524,61): error TS17004: Cannot use JSX unless the '--jsx' flag is provided.
src/app/dashboard/page.tsx(6535,13): error TS17004: Cannot use JSX unless the '--jsx' flag is provided.
src/app/dashboard/page.tsx(6537,21): error TS17004: Cannot use JSX unless the '--jsx' flag is provided.
src/app/dashboard/page.tsx(6545,25): error TS17004: Cannot use JSX unless the '--jsx' flag is provided.
src/app/dashboard/page.tsx(6546,29): error TS17004: Cannot use JSX unless the '--jsx' flag is provided.
src/app/dashboard/page.tsx(6547,33): error TS17004: Cannot use JSX unless the '--jsx' flag is provided.
src/app/dashboard/page.tsx(6547,68): error TS17004: Cannot use JSX unless the '--jsx' flag is provided.
src/app/dashboard/page.tsx(6549,29): error TS17004: Cannot use JSX unless the '--jsx' flag is provided.
src/app/dashboard/page.tsx(6552,29): error TS17004: Cannot use JSX unless the '--jsx' flag is provided.
src/app/dashboard/page.tsx(6555,25): error TS17004: Cannot use JSX unless the '--jsx' flag is provided.
src/app/dashboard/page.tsx(6556,29): error TS17004: Cannot use JSX unless the '--jsx' flag is provided.
src/app/dashboard/page.tsx(6557,33): error TS17004: Cannot use JSX unless the '--jsx' flag is provided.
src/app/dashboard/page.tsx(6637,13): error TS17004: Cannot use JSX unless the '--jsx' flag is provided.
src/app/dashboard/page.tsx(6660,21): error TS17004: Cannot use JSX unless the '--jsx' flag is provided.
src/app/dashboard/page.tsx(6721,13): error TS17004: Cannot use JSX unless the '--jsx' flag is provided.
src/app/dashboard/page.tsx(6722,17): error TS17004: Cannot use JSX unless the '--jsx' flag is provided.
src/app/dashboard/page.tsx(6723,21): error TS17004: Cannot use JSX unless the '--jsx' flag is provided.
src/app/dashboard/page.tsx(6724,25): error TS17004: Cannot use JSX unless the '--jsx' flag is provided.
src/app/dashboard/page.tsx(6727,25): error TS17004: Cannot use JSX unless the '--jsx' flag is provided.
src/app/dashboard/page.tsx(6732,21): error TS17004: Cannot use JSX unless the '--jsx' flag is provided.
src/app/dashboard/page.tsx(6733,25): error TS17004: Cannot use JSX unless the '--jsx' flag is provided.
src/app/dashboard/page.tsx(6734,29): error TS17004: Cannot use JSX unless the '--jsx' flag is provided.
src/app/dashboard/page.tsx(6735,33): error TS17004: Cannot use JSX unless the '--jsx' flag is provided.
src/app/dashboard/page.tsx(6736,33): error TS17004: Cannot use JSX unless the '--jsx' flag is provided.
src/app/dashboard/page.tsx(6737,37): error TS17004: Cannot use JSX unless the '--jsx' flag is provided.
src/app/dashboard/page.tsx(6739,41): error TS17004: Cannot use JSX unless the '--jsx' flag is provided.
src/app/dashboard/page.tsx(6742,41): error TS17004: Cannot use JSX unless the '--jsx' flag is provided.
src/app/dashboard/page.tsx(6745,41): error TS17004: Cannot use JSX unless the '--jsx' flag is provided.
src/app/dashboard/page.tsx(6748,41): error TS17004: Cannot use JSX unless the '--jsx' flag is provided.
src/app/dashboard/page.tsx(6754,33): error TS17004: Cannot use JSX unless the '--jsx' flag is provided.
src/app/dashboard/page.tsx(6755,37): error TS17004: Cannot use JSX unless the '--jsx' flag is provided.
src/app/dashboard/page.tsx(6756,37): error TS17004: Cannot use JSX unless the '--jsx' flag is provided.
src/app/dashboard/page.tsx(6760,49): error TS17004: Cannot use JSX unless the '--jsx' flag is provided.
src/app/dashboard/page.tsx(6773,29): error TS17004: Cannot use JSX unless the '--jsx' flag is provided.
src/app/dashboard/page.tsx(6774,33): error TS17004: Cannot use JSX unless the '--jsx' flag is provided.
src/app/dashboard/page.tsx(6775,33): error TS17004: Cannot use JSX unless the '--jsx' flag is provided.
src/app/dashboard/page.tsx(6780,21): error TS17004: Cannot use JSX unless the '--jsx' flag is provided.
src/app/dashboard/page.tsx(6843,21): error TS17004: Cannot use JSX unless the '--jsx' flag is provided.
src/app/dashboard/page.tsx(6844,25): error TS17004: Cannot use JSX unless the '--jsx' flag is provided.
src/app/dashboard/page.tsx(6846,29): error TS17004: Cannot use JSX unless the '--jsx' flag is provided.
src/app/dashboard/page.tsx(6847,33): error TS17004: Cannot use JSX unless the '--jsx' flag is provided.
src/app/dashboard/page.tsx(6848,37): error TS17004: Cannot use JSX unless the '--jsx' flag is provided.
src/app/dashboard/page.tsx(6849,37): error TS17004: Cannot use JSX unless the '--jsx' flag is provided.
src/app/dashboard/page.tsx(6850,41): error TS17004: Cannot use JSX unless the '--jsx' flag is provided.
src/app/dashboard/page.tsx(6851,41): error TS17004: Cannot use JSX unless the '--jsx' flag is provided.
src/app/dashboard/page.tsx(6854,33): error TS17004: Cannot use JSX unless the '--jsx' flag is provided.
src/app/dashboard/page.tsx(6857,29): error TS17004: Cannot use JSX unless the '--jsx' flag is provided.
src/app/dashboard/page.tsx(6858,33): error TS17004: Cannot use JSX unless the '--jsx' flag is provided.
src/app/dashboard/page.tsx(6861,33): error TS17004: Cannot use JSX unless the '--jsx' flag is provided.
src/app/dashboard/page.tsx(6862,37): error TS17004: Cannot use JSX unless the '--jsx' flag is provided.
src/app/dashboard/page.tsx(6866,33): error TS17004: Cannot use JSX unless the '--jsx' flag is provided.
src/app/dashboard/page.tsx(6867,37): error TS17004: Cannot use JSX unless the '--jsx' flag is provided.
src/app/dashboard/page.tsx(6869,41): error TS17004: Cannot use JSX unless the '--jsx' flag is provided.
src/app/dashboard/page.tsx(6874,45): error TS17004: Cannot use JSX unless the '--jsx' flag is provided.
src/app/dashboard/page.tsx(6875,49): error TS17004: Cannot use JSX unless the '--jsx' flag is provided.
src/app/dashboard/page.tsx(6876,49): error TS17004: Cannot use JSX unless the '--jsx' flag is provided.
src/app/dashboard/page.tsx(6877,53): error TS17004: Cannot use JSX unless the '--jsx' flag is provided.
src/app/dashboard/page.tsx(6884,57): error TS17004: Cannot use JSX unless the '--jsx' flag is provided.
src/app/dashboard/page.tsx(6888,45): error TS17004: Cannot use JSX unless the '--jsx' flag is provided.
src/app/dashboard/page.tsx(6892,33): error TS17004: Cannot use JSX unless the '--jsx' flag is provided.
src/app/dashboard/page.tsx(6905,13): error TS17004: Cannot use JSX unless the '--jsx' flag is provided.
src/app/dashboard/page.tsx(6906,17): error TS17004: Cannot use JSX unless the '--jsx' flag is provided.
src/app/dashboard/page.tsx(6907,21): error TS17004: Cannot use JSX unless the '--jsx' flag is provided.
src/app/dashboard/page.tsx(6908,25): error TS17004: Cannot use JSX unless the '--jsx' flag is provided.
src/app/dashboard/page.tsx(6909,29): error TS17004: Cannot use JSX unless the '--jsx' flag is provided.
src/app/dashboard/page.tsx(6912,29): error TS17004: Cannot use JSX unless the '--jsx' flag is provided.
src/app/dashboard/page.tsx(6918,29): error TS17004: Cannot use JSX unless the '--jsx' flag is provided.
src/app/dashboard/page.tsx(6919,33): error TS17004: Cannot use JSX unless the '--jsx' flag is provided.
src/app/dashboard/page.tsx(6920,33): error TS17004: Cannot use JSX unless the '--jsx' flag is provided.
src/app/dashboard/page.tsx(6923,25): error TS17004: Cannot use JSX unless the '--jsx' flag is provided.
src/app/dashboard/page.tsx(6928,21): error TS17004: Cannot use JSX unless the '--jsx' flag is provided.
src/app/dashboard/page.tsx(6932,33): error TS17004: Cannot use JSX unless the '--jsx' flag is provided.
src/app/dashboard/page.tsx(6933,37): error TS17004: Cannot use JSX unless the '--jsx' flag is provided.
src/app/dashboard/page.tsx(6934,41): error TS17004: Cannot use JSX unless the '--jsx' flag is provided.
src/app/dashboard/page.tsx(6935,45): error TS17004: Cannot use JSX unless the '--jsx' flag is provided.
src/app/dashboard/page.tsx(6936,45): error TS17004: Cannot use JSX unless the '--jsx' flag is provided.
src/app/dashboard/page.tsx(6938,41): error TS17004: Cannot use JSX unless the '--jsx' flag is provided.
src/app/dashboard/page.tsx(6940,37): error TS17004: Cannot use JSX unless the '--jsx' flag is provided.
src/app/dashboard/page.tsx(6941,41): error TS17004: Cannot use JSX unless the '--jsx' flag is provided.
src/app/dashboard/page.tsx(6942,45): error TS17004: Cannot use JSX unless the '--jsx' flag is provided.
src/app/dashboard/page.tsx(6943,45): error TS17004: Cannot use JSX unless the '--jsx' flag is provided.
src/app/dashboard/page.tsx(6945,41): error TS17004: Cannot use JSX unless the '--jsx' flag is provided.
src/app/dashboard/page.tsx(7011,29): error TS17004: Cannot use JSX unless the '--jsx' flag is provided.
src/app/dashboard/page.tsx(7012,33): error TS17004: Cannot use JSX unless the '--jsx' flag is provided.
src/app/dashboard/page.tsx(7013,37): error TS17004: Cannot use JSX unless the '--jsx' flag is provided.
src/app/dashboard/page.tsx(7014,37): error TS17004: Cannot use JSX unless the '--jsx' flag is provided.
src/app/dashboard/page.tsx(7023,45): error TS17004: Cannot use JSX unless the '--jsx' flag is provided.
src/app/dashboard/page.tsx(7024,49): error TS17004: Cannot use JSX unless the '--jsx' flag is provided.
src/app/dashboard/page.tsx(7025,53): error TS17004: Cannot use JSX unless the '--jsx' flag is provided.
src/app/dashboard/page.tsx(7027,49): error TS17004: Cannot use JSX unless the '--jsx' flag is provided.
src/app/dashboard/page.tsx(7030,49): error TS17004: Cannot use JSX unless the '--jsx' flag is provided.
src/app/dashboard/page.tsx(7043,33): error TS17004: Cannot use JSX unless the '--jsx' flag is provided.
src/app/dashboard/page.tsx(7044,37): error TS17004: Cannot use JSX unless the '--jsx' flag is provided.
src/app/dashboard/page.tsx(7045,37): error TS17004: Cannot use JSX unless the '--jsx' flag is provided.
src/app/dashboard/page.tsx(7046,41): error TS17004: Cannot use JSX unless the '--jsx' flag is provided.
src/app/dashboard/page.tsx(7052,21): error TS17004: Cannot use JSX unless the '--jsx' flag is provided.
src/app/dashboard/page.tsx(7053,25): error TS17004: Cannot use JSX unless the '--jsx' flag is provided.
src/app/dashboard/page.tsx(7054,25): error TS17004: Cannot use JSX unless the '--jsx' flag is provided.
src/app/dashboard/page.tsx(7060,13): error TS17004: Cannot use JSX unless the '--jsx' flag is provided.
src/app/dashboard/page.tsx(7061,17): error TS17004: Cannot use JSX unless the '--jsx' flag is provided.
src/app/dashboard/page.tsx(7063,21): error TS17004: Cannot use JSX unless the '--jsx' flag is provided.
src/app/dashboard/page.tsx(7064,25): error TS17004: Cannot use JSX unless the '--jsx' flag is provided.
src/app/dashboard/page.tsx(7065,29): error TS17004: Cannot use JSX unless the '--jsx' flag is provided.
src/app/dashboard/page.tsx(7068,29): error TS17004: Cannot use JSX unless the '--jsx' flag is provided.
src/app/dashboard/page.tsx(7069,33): error TS17004: Cannot use JSX unless the '--jsx' flag is provided.
src/app/dashboard/page.tsx(7070,33): error TS17004: Cannot use JSX unless the '--jsx' flag is provided.
src/app/dashboard/page.tsx(7074,29): error TS17004: Cannot use JSX unless the '--jsx' flag is provided.
src/app/dashboard/page.tsx(7081,21): error TS17004: Cannot use JSX unless the '--jsx' flag is provided.
src/app/dashboard/page.tsx(7085,29): error TS17004: Cannot use JSX unless the '--jsx' flag is provided.
src/app/dashboard/page.tsx(7086,33): error TS17004: Cannot use JSX unless the '--jsx' flag is provided.
src/app/dashboard/page.tsx(7087,37): error TS17004: Cannot use JSX unless the '--jsx' flag is provided.
src/app/dashboard/page.tsx(7089,33): error TS17004: Cannot use JSX unless the '--jsx' flag is provided.
src/app/dashboard/page.tsx(7090,37): error TS17004: Cannot use JSX unless the '--jsx' flag is provided.
src/app/dashboard/page.tsx(7091,41): error TS17004: Cannot use JSX unless the '--jsx' flag is provided.
src/app/dashboard/page.tsx(7092,41): error TS17004: Cannot use JSX unless the '--jsx' flag is provided.
src/app/dashboard/page.tsx(7094,37): error TS17004: Cannot use JSX unless the '--jsx' flag is provided.
src/app/dashboard/page.tsx(7095,37): error TS17004: Cannot use JSX unless the '--jsx' flag is provided.
src/app/dashboard/page.tsx(7096,41): error TS17004: Cannot use JSX unless the '--jsx' flag is provided.
src/app/dashboard/page.tsx(7097,41): error TS17004: Cannot use JSX unless the '--jsx' flag is provided.
src/app/dashboard/page.tsx(7100,33): error TS17004: Cannot use JSX unless the '--jsx' flag is provided.
src/app/dashboard/page.tsx(7110,25): error TS17004: Cannot use JSX unless the '--jsx' flag is provided.
src/app/dashboard/page.tsx(7111,29): error TS17004: Cannot use JSX unless the '--jsx' flag is provided.
src/app/dashboard/page.tsx(7112,33): error TS17004: Cannot use JSX unless the '--jsx' flag is provided.
src/app/dashboard/page.tsx(7114,29): error TS17004: Cannot use JSX unless the '--jsx' flag is provided.
src/app/dashboard/page.tsx(7115,33): error TS17004: Cannot use JSX unless the '--jsx' flag is provided.
src/app/dashboard/page.tsx(7116,37): error TS17004: Cannot use JSX unless the '--jsx' flag is provided.
src/app/dashboard/page.tsx(7118,33): error TS17004: Cannot use JSX unless the '--jsx' flag is provided.
src/app/dashboard/page.tsx(7119,65): error TS17004: Cannot use JSX unless the '--jsx' flag is provided.
src/app/dashboard/page.tsx(7125,25): error TS17004: Cannot use JSX unless the '--jsx' flag is provided.
src/app/dashboard/page.tsx(7126,29): error TS17004: Cannot use JSX unless the '--jsx' flag is provided.
src/app/dashboard/page.tsx(7126,72): error TS17004: Cannot use JSX unless the '--jsx' flag is provided.
src/app/dashboard/page.tsx(7126,163): error TS17004: Cannot use JSX unless the '--jsx' flag is provided.
src/app/dashboard/page.tsx(7127,29): error TS17004: Cannot use JSX unless the '--jsx' flag is provided.
src/app/dashboard/page.tsx(7129,25): error TS17004: Cannot use JSX unless the '--jsx' flag is provided.
src/app/dashboard/page.tsx(7130,29): error TS17004: Cannot use JSX unless the '--jsx' flag is provided.
src/app/dashboard/page.tsx(7130,72): error TS17004: Cannot use JSX unless the '--jsx' flag is provided.
src/app/dashboard/page.tsx(7130,161): error TS17004: Cannot use JSX unless the '--jsx' flag is provided.
src/app/dashboard/page.tsx(7131,29): error TS17004: Cannot use JSX unless the '--jsx' flag is provided.
src/app/dashboard/page.tsx(7135,25): error TS17004: Cannot use JSX unless the '--jsx' flag is provided.
src/app/dashboard/page.tsx(7136,29): error TS17004: Cannot use JSX unless the '--jsx' flag is provided.
src/app/dashboard/page.tsx(7137,29): error TS17004: Cannot use JSX unless the '--jsx' flag is provided.
src/app/dashboard/page.tsx(7141,25): error TS17004: Cannot use JSX unless the '--jsx' flag is provided.
src/app/dashboard/page.tsx(7142,29): error TS17004: Cannot use JSX unless the '--jsx' flag is provided.
src/app/dashboard/page.tsx(7146,29): error TS17004: Cannot use JSX unless the '--jsx' flag is provided.
src/app/dashboard/page.tsx(7153,13): error TS17004: Cannot use JSX unless the '--jsx' flag is provided.
src/app/dashboard/page.tsx(7154,17): error TS17004: Cannot use JSX unless the '--jsx' flag is provided.
src/app/dashboard/page.tsx(7155,21): error TS17004: Cannot use JSX unless the '--jsx' flag is provided.
src/app/dashboard/page.tsx(7156,25): error TS17004: Cannot use JSX unless the '--jsx' flag is provided.
src/app/dashboard/page.tsx(7159,25): error TS17004: Cannot use JSX unless the '--jsx' flag is provided.
src/app/dashboard/page.tsx(7162,25): error TS17004: Cannot use JSX unless the '--jsx' flag is provided.
src/app/dashboard/page.tsx(7167,21): error TS17004: Cannot use JSX unless the '--jsx' flag is provided.
src/app/dashboard/page.tsx(7168,25): error TS17004: Cannot use JSX unless the '--jsx' flag is provided.
src/app/dashboard/page.tsx(7169,29): error TS17004: Cannot use JSX unless the '--jsx' flag is provided.
src/app/dashboard/page.tsx(7170,29): error TS17004: Cannot use JSX unless the '--jsx' flag is provided.
src/app/dashboard/page.tsx(7176,33): error TS17004: Cannot use JSX unless the '--jsx' flag is provided.
src/app/dashboard/page.tsx(7177,37): error TS17004: Cannot use JSX unless the '--jsx' flag is provided.
src/app/dashboard/page.tsx(7180,37): error TS17004: Cannot use JSX unless the '--jsx' flag is provided.
src/app/dashboard/page.tsx(7181,41): error TS17004: Cannot use JSX unless the '--jsx' flag is provided.
src/app/dashboard/page.tsx(7182,45): error TS17004: Cannot use JSX unless the '--jsx' flag is provided.
src/app/dashboard/page.tsx(7184,49): error TS17004: Cannot use JSX unless the '--jsx' flag is provided.
src/app/dashboard/page.tsx(7185,53): error TS17004: Cannot use JSX unless the '--jsx' flag is provided.
src/app/dashboard/page.tsx(7188,49): error TS17004: Cannot use JSX unless the '--jsx' flag is provided.
src/app/dashboard/page.tsx(7189,53): error TS17004: Cannot use JSX unless the '--jsx' flag is provided.
src/app/dashboard/page.tsx(7193,41): error TS17004: Cannot use JSX unless the '--jsx' flag is provided.
src/app/dashboard/page.tsx(7196,41): error TS17004: Cannot use JSX unless the '--jsx' flag is provided.
src/app/dashboard/page.tsx(7205,21): error TS17004: Cannot use JSX unless the '--jsx' flag is provided.
src/app/dashboard/page.tsx(7206,25): error TS17004: Cannot use JSX unless the '--jsx' flag is provided.
src/app/dashboard/page.tsx(7217,13): error TS17004: Cannot use JSX unless the '--jsx' flag is provided.
src/app/dashboard/page.tsx(7218,17): error TS17004: Cannot use JSX unless the '--jsx' flag is provided.
src/app/dashboard/page.tsx(7219,21): error TS17004: Cannot use JSX unless the '--jsx' flag is provided.
src/app/dashboard/page.tsx(7220,25): error TS17004: Cannot use JSX unless the '--jsx' flag is provided.
src/app/dashboard/page.tsx(7221,29): error TS17004: Cannot use JSX unless the '--jsx' flag is provided.
src/app/dashboard/page.tsx(7221,71): error TS17004: Cannot use JSX unless the '--jsx' flag is provided.
src/app/dashboard/page.tsx(7222,29): error TS17004: Cannot use JSX unless the '--jsx' flag is provided.
src/app/dashboard/page.tsx(7223,33): error TS17004: Cannot use JSX unless the '--jsx' flag is provided.
src/app/dashboard/page.tsx(7226,33): error TS17004: Cannot use JSX unless the '--jsx' flag is provided.
src/app/dashboard/page.tsx(7230,37): error TS17004: Cannot use JSX unless the '--jsx' flag is provided.
src/app/dashboard/page.tsx(7240,21): error TS17004: Cannot use JSX unless the '--jsx' flag is provided.
src/app/dashboard/page.tsx(7241,25): error TS17004: Cannot use JSX unless the '--jsx' flag is provided.
src/app/dashboard/page.tsx(7242,29): error TS17004: Cannot use JSX unless the '--jsx' flag is provided.
src/app/dashboard/page.tsx(7250,29): error TS17004: Cannot use JSX unless the '--jsx' flag is provided.
src/app/dashboard/page.tsx(7252,25): error TS17004: Cannot use JSX unless the '--jsx' flag is provided.
src/app/dashboard/page.tsx(7256,37): error TS17004: Cannot use JSX unless the '--jsx' flag is provided.
src/app/dashboard/page.tsx(7273,21): error TS17004: Cannot use JSX unless the '--jsx' flag is provided.
src/app/dashboard/page.tsx(7285,37): error TS17004: Cannot use JSX unless the '--jsx' flag is provided.
src/app/dashboard/page.tsx(7286,41): error TS17004: Cannot use JSX unless the '--jsx' flag is provided.
src/app/dashboard/page.tsx(7301,37): error TS17004: Cannot use JSX unless the '--jsx' flag is provided.
src/app/dashboard/page.tsx(7303,41): error TS17004: Cannot use JSX unless the '--jsx' flag is provided.
src/app/dashboard/page.tsx(7304,45): error TS17004: Cannot use JSX unless the '--jsx' flag is provided.
src/app/dashboard/page.tsx(7310,45): error TS17004: Cannot use JSX unless the '--jsx' flag is provided.
src/app/dashboard/page.tsx(7311,49): error TS17004: Cannot use JSX unless the '--jsx' flag is provided.
src/app/dashboard/page.tsx(7312,53): error TS17004: Cannot use JSX unless the '--jsx' flag is provided.
src/app/dashboard/page.tsx(7313,53): error TS17004: Cannot use JSX unless the '--jsx' flag is provided.
src/app/dashboard/page.tsx(7317,49): error TS17004: Cannot use JSX unless the '--jsx' flag is provided.
src/app/dashboard/page.tsx(7320,49): error TS17004: Cannot use JSX unless the '--jsx' flag is provided.
src/app/dashboard/page.tsx(7322,45): error TS17004: Cannot use JSX unless the '--jsx' flag is provided.
src/app/dashboard/page.tsx(7323,49): error TS17004: Cannot use JSX unless the '--jsx' flag is provided.
src/app/dashboard/page.tsx(7324,49): error TS17004: Cannot use JSX unless the '--jsx' flag is provided.
src/app/dashboard/page.tsx(7331,41): error TS17004: Cannot use JSX unless the '--jsx' flag is provided.
src/app/dashboard/page.tsx(7332,45): error TS17004: Cannot use JSX unless the '--jsx' flag is provided.
src/app/dashboard/page.tsx(7333,49): error TS17004: Cannot use JSX unless the '--jsx' flag is provided.
src/app/dashboard/page.tsx(7334,49): error TS17004: Cannot use JSX unless the '--jsx' flag is provided.
src/app/dashboard/page.tsx(7336,45): error TS17004: Cannot use JSX unless the '--jsx' flag is provided.
src/app/dashboard/page.tsx(7337,49): error TS17004: Cannot use JSX unless the '--jsx' flag is provided.
src/app/dashboard/page.tsx(7338,49): error TS17004: Cannot use JSX unless the '--jsx' flag is provided.
src/app/dashboard/page.tsx(7342,45): error TS17004: Cannot use JSX unless the '--jsx' flag is provided.
src/app/dashboard/page.tsx(7343,49): error TS17004: Cannot use JSX unless the '--jsx' flag is provided.
src/app/dashboard/page.tsx(7344,49): error TS17004: Cannot use JSX unless the '--jsx' flag is provided.
src/app/dashboard/page.tsx(7346,45): error TS17004: Cannot use JSX unless the '--jsx' flag is provided.
src/app/dashboard/page.tsx(7347,49): error TS17004: Cannot use JSX unless the '--jsx' flag is provided.
src/app/dashboard/page.tsx(7348,49): error TS17004: Cannot use JSX unless the '--jsx' flag is provided.
src/app/dashboard/page.tsx(7354,45): error TS17004: Cannot use JSX unless the '--jsx' flag is provided.
src/app/dashboard/page.tsx(7355,92): error TS17004: Cannot use JSX unless the '--jsx' flag is provided.
src/app/dashboard/page.tsx(7359,45): error TS17004: Cannot use JSX unless the '--jsx' flag is provided.
src/app/dashboard/page.tsx(7360,49): error TS17004: Cannot use JSX unless the '--jsx' flag is provided.
src/app/dashboard/page.tsx(7365,41): error TS17004: Cannot use JSX unless the '--jsx' flag is provided.
src/app/dashboard/page.tsx(7366,45): error TS17004: Cannot use JSX unless the '--jsx' flag is provided.
src/app/dashboard/page.tsx(7367,45): error TS17004: Cannot use JSX unless the '--jsx' flag is provided.
src/app/dashboard/page.tsx(7368,45): error TS17004: Cannot use JSX unless the '--jsx' flag is provided.
src/app/dashboard/page.tsx(7377,45): error TS17004: Cannot use JSX unless the '--jsx' flag is provided.
src/app/dashboard/page.tsx(7378,49): error TS17004: Cannot use JSX unless the '--jsx' flag is provided.
src/app/dashboard/page.tsx(7379,60): error TS17004: Cannot use JSX unless the '--jsx' flag is provided.
src/app/dashboard/page.tsx(7381,49): error TS17004: Cannot use JSX unless the '--jsx' flag is provided.
src/app/dashboard/page.tsx(7382,53): error TS17004: Cannot use JSX unless the '--jsx' flag is provided.
src/app/dashboard/page.tsx(7383,53): error TS17004: Cannot use JSX unless the '--jsx' flag is provided.
src/app/dashboard/page.tsx(7384,53): error TS17004: Cannot use JSX unless the '--jsx' flag is provided.
src/app/dashboard/page.tsx(7385,53): error TS17004: Cannot use JSX unless the '--jsx' flag is provided.
src/app/dashboard/page.tsx(7401,37): error TS17004: Cannot use JSX unless the '--jsx' flag is provided.
src/app/dashboard/page.tsx(7405,41): error TS17004: Cannot use JSX unless the '--jsx' flag is provided.
src/app/dashboard/page.tsx(7409,45): error TS17004: Cannot use JSX unless the '--jsx' flag is provided.
src/app/dashboard/page.tsx(7415,45): error TS17004: Cannot use JSX unless the '--jsx' flag is provided.
src/app/dashboard/page.tsx(7416,49): error TS17004: Cannot use JSX unless the '--jsx' flag is provided.
src/app/dashboard/page.tsx(7417,53): error TS17004: Cannot use JSX unless the '--jsx' flag is provided.
src/app/dashboard/page.tsx(7418,53): error TS17004: Cannot use JSX unless the '--jsx' flag is provided.
src/app/dashboard/page.tsx(7421,72): error TS17004: Cannot use JSX unless the '--jsx' flag is provided.
src/app/dashboard/page.tsx(7423,49): error TS17004: Cannot use JSX unless the '--jsx' flag is provided.
src/app/dashboard/page.tsx(7427,45): error TS17004: Cannot use JSX unless the '--jsx' flag is provided.
src/app/dashboard/page.tsx(7428,49): error TS17004: Cannot use JSX unless the '--jsx' flag is provided.
src/app/dashboard/page.tsx(7429,49): error TS17004: Cannot use JSX unless the '--jsx' flag is provided.
src/app/dashboard/page.tsx(7435,41): error TS17004: Cannot use JSX unless the '--jsx' flag is provided.
src/app/dashboard/page.tsx(7437,49): error TS17004: Cannot use JSX unless the '--jsx' flag is provided.
src/app/dashboard/page.tsx(7441,53): error TS17004: Cannot use JSX unless the '--jsx' flag is provided.
src/app/dashboard/page.tsx(7442,57): error TS17004: Cannot use JSX unless the '--jsx' flag is provided.
src/app/dashboard/page.tsx(7443,61): error TS17004: Cannot use JSX unless the '--jsx' flag is provided.
src/app/dashboard/page.tsx(7444,61): error TS17004: Cannot use JSX unless the '--jsx' flag is provided.
src/app/dashboard/page.tsx(7446,57): error TS17004: Cannot use JSX unless the '--jsx' flag is provided.
src/app/dashboard/page.tsx(7447,61): error TS17004: Cannot use JSX unless the '--jsx' flag is provided.
src/app/dashboard/page.tsx(7448,61): error TS17004: Cannot use JSX unless the '--jsx' flag is provided.
src/app/dashboard/page.tsx(7452,57): error TS17004: Cannot use JSX unless the '--jsx' flag is provided.
src/app/dashboard/page.tsx(7453,61): error TS17004: Cannot use JSX unless the '--jsx' flag is provided.
src/app/dashboard/page.tsx(7454,61): error TS17004: Cannot use JSX unless the '--jsx' flag is provided.
src/app/dashboard/page.tsx(7456,57): error TS17004: Cannot use JSX unless the '--jsx' flag is provided.
src/app/dashboard/page.tsx(7457,61): error TS17004: Cannot use JSX unless the '--jsx' flag is provided.
src/app/dashboard/page.tsx(7458,61): error TS17004: Cannot use JSX unless the '--jsx' flag is provided.
src/app/dashboard/page.tsx(7463,57): error TS17004: Cannot use JSX unless the '--jsx' flag is provided.
src/app/dashboard/page.tsx(7464,104): error TS17004: Cannot use JSX unless the '--jsx' flag is provided.
src/app/dashboard/page.tsx(7468,57): error TS17004: Cannot use JSX unless the '--jsx' flag is provided.
src/app/dashboard/page.tsx(7469,61): error TS17004: Cannot use JSX unless the '--jsx' flag is provided.
src/app/dashboard/page.tsx(7473,53): error TS17004: Cannot use JSX unless the '--jsx' flag is provided.
src/app/dashboard/page.tsx(7474,57): error TS17004: Cannot use JSX unless the '--jsx' flag is provided.
src/app/dashboard/page.tsx(7475,57): error TS17004: Cannot use JSX unless the '--jsx' flag is provided.
src/app/dashboard/page.tsx(7476,57): error TS17004: Cannot use JSX unless the '--jsx' flag is provided.
src/app/dashboard/page.tsx(7485,57): error TS17004: Cannot use JSX unless the '--jsx' flag is provided.
src/app/dashboard/page.tsx(7486,61): error TS17004: Cannot use JSX unless the '--jsx' flag is provided.
src/app/dashboard/page.tsx(7487,72): error TS17004: Cannot use JSX unless the '--jsx' flag is provided.
src/app/dashboard/page.tsx(7489,61): error TS17004: Cannot use JSX unless the '--jsx' flag is provided.
src/app/dashboard/page.tsx(7490,65): error TS17004: Cannot use JSX unless the '--jsx' flag is provided.
src/app/dashboard/page.tsx(7491,65): error TS17004: Cannot use JSX unless the '--jsx' flag is provided.
src/app/dashboard/page.tsx(7492,65): error TS17004: Cannot use JSX unless the '--jsx' flag is provided.
src/app/dashboard/page.tsx(7493,65): error TS17004: Cannot use JSX unless the '--jsx' flag is provided.
src/app/dashboard/page.tsx(7505,33): error TS17004: Cannot use JSX unless the '--jsx' flag is provided.
src/app/dashboard/page.tsx(7507,41): error TS17004: Cannot use JSX unless the '--jsx' flag is provided.
src/app/dashboard/page.tsx(7508,45): error TS17004: Cannot use JSX unless the '--jsx' flag is provided.
src/app/dashboard/page.tsx(7511,45): error TS17004: Cannot use JSX unless the '--jsx' flag is provided.
src/app/dashboard/page.tsx(7517,41): error TS17004: Cannot use JSX unless the '--jsx' flag is provided.
src/app/dashboard/page.tsx(7518,45): error TS17004: Cannot use JSX unless the '--jsx' flag is provided.
src/app/dashboard/page.tsx(7521,45): error TS17004: Cannot use JSX unless the '--jsx' flag is provided.
src/app/dashboard/page.tsx(7535,13): error TS17004: Cannot use JSX unless the '--jsx' flag is provided.
src/app/dashboard/page.tsx(7536,17): error TS17004: Cannot use JSX unless the '--jsx' flag is provided.
src/app/dashboard/page.tsx(7537,21): error TS17004: Cannot use JSX unless the '--jsx' flag is provided.
src/app/dashboard/page.tsx(7538,25): error TS17004: Cannot use JSX unless the '--jsx' flag is provided.
src/app/dashboard/page.tsx(7539,25): error TS17004: Cannot use JSX unless the '--jsx' flag is provided.
src/app/dashboard/page.tsx(7540,29): error TS17004: Cannot use JSX unless the '--jsx' flag is provided.
src/app/dashboard/page.tsx(7541,29): error TS17004: Cannot use JSX unless the '--jsx' flag is provided.
src/app/dashboard/page.tsx(7545,21): error TS17004: Cannot use JSX unless the '--jsx' flag is provided.
src/app/dashboard/page.tsx(7546,25): error TS17004: Cannot use JSX unless the '--jsx' flag is provided.
src/app/dashboard/page.tsx(7547,29): error TS17004: Cannot use JSX unless the '--jsx' flag is provided.
src/app/dashboard/page.tsx(7548,33): error TS17004: Cannot use JSX unless the '--jsx' flag is provided.
src/app/dashboard/page.tsx(7549,33): error TS17004: Cannot use JSX unless the '--jsx' flag is provided.
src/app/dashboard/page.tsx(7551,29): error TS17004: Cannot use JSX unless the '--jsx' flag is provided.
src/app/dashboard/page.tsx(7552,33): error TS17004: Cannot use JSX unless the '--jsx' flag is provided.
src/app/dashboard/page.tsx(7553,37): error TS17004: Cannot use JSX unless the '--jsx' flag is provided.
src/app/dashboard/page.tsx(7554,37): error TS17004: Cannot use JSX unless the '--jsx' flag is provided.
src/app/dashboard/page.tsx(7556,33): error TS17004: Cannot use JSX unless the '--jsx' flag is provided.
src/app/dashboard/page.tsx(7557,37): error TS17004: Cannot use JSX unless the '--jsx' flag is provided.
src/app/dashboard/page.tsx(7558,37): error TS17004: Cannot use JSX unless the '--jsx' flag is provided.
src/app/dashboard/page.tsx(7560,33): error TS17004: Cannot use JSX unless the '--jsx' flag is provided.
src/app/dashboard/page.tsx(7561,37): error TS17004: Cannot use JSX unless the '--jsx' flag is provided.
src/app/dashboard/page.tsx(7562,37): error TS17004: Cannot use JSX unless the '--jsx' flag is provided.
src/app/dashboard/page.tsx(7564,33): error TS17004: Cannot use JSX unless the '--jsx' flag is provided.
src/app/dashboard/page.tsx(7565,37): error TS17004: Cannot use JSX unless the '--jsx' flag is provided.
src/app/dashboard/page.tsx(7566,37): error TS17004: Cannot use JSX unless the '--jsx' flag is provided.
src/app/dashboard/page.tsx(7569,37): error TS17004: Cannot use JSX unless the '--jsx' flag is provided.
src/app/dashboard/page.tsx(7570,41): error TS17004: Cannot use JSX unless the '--jsx' flag is provided.
src/app/dashboard/page.tsx(7571,41): error TS17004: Cannot use JSX unless the '--jsx' flag is provided.
src/app/dashboard/page.tsx(7575,29): error TS17004: Cannot use JSX unless the '--jsx' flag is provided.
src/app/dashboard/page.tsx(7576,33): error TS17004: Cannot use JSX unless the '--jsx' flag is provided.
src/app/dashboard/page.tsx(7577,33): error TS17004: Cannot use JSX unless the '--jsx' flag is provided.
src/app/dashboard/page.tsx(7583,25): error TS17004: Cannot use JSX unless the '--jsx' flag is provided.
src/app/dashboard/page.tsx(7584,29): error TS17004: Cannot use JSX unless the '--jsx' flag is provided.
src/app/dashboard/page.tsx(7585,33): error TS17004: Cannot use JSX unless the '--jsx' flag is provided.
src/app/dashboard/page.tsx(7586,33): error TS17004: Cannot use JSX unless the '--jsx' flag is provided.
src/app/dashboard/page.tsx(7588,29): error TS17004: Cannot use JSX unless the '--jsx' flag is provided.
src/app/dashboard/page.tsx(7594,21): error TS17004: Cannot use JSX unless the '--jsx' flag is provided.
src/app/dashboard/page.tsx(7601,13): error TS17004: Cannot use JSX unless the '--jsx' flag is provided.
src/app/dashboard/page.tsx(7602,17): error TS17004: Cannot use JSX unless the '--jsx' flag is provided.
src/app/dashboard/page.tsx(7604,21): error TS17004: Cannot use JSX unless the '--jsx' flag is provided.
src/app/dashboard/page.tsx(7605,25): error TS17004: Cannot use JSX unless the '--jsx' flag is provided.
src/app/dashboard/page.tsx(7606,29): error TS17004: Cannot use JSX unless the '--jsx' flag is provided.
src/app/dashboard/page.tsx(7607,29): error TS17004: Cannot use JSX unless the '--jsx' flag is provided.
src/app/dashboard/page.tsx(7608,33): error TS17004: Cannot use JSX unless the '--jsx' flag is provided.
src/app/dashboard/page.tsx(7609,33): error TS17004: Cannot use JSX unless the '--jsx' flag is provided.
src/app/dashboard/page.tsx(7615,21): error TS17004: Cannot use JSX unless the '--jsx' flag is provided.
src/app/dashboard/page.tsx(7616,25): error TS17004: Cannot use JSX unless the '--jsx' flag is provided.
src/app/dashboard/page.tsx(7619,25): error TS17004: Cannot use JSX unless the '--jsx' flag is provided.
src/app/dashboard/page.tsx(7622,25): error TS17004: Cannot use JSX unless the '--jsx' flag is provided.
src/app/dashboard/page.tsx(7627,21): error TS17004: Cannot use JSX unless the '--jsx' flag is provided.
src/app/dashboard/page.tsx(7629,29): error TS17004: Cannot use JSX unless the '--jsx' flag is provided.
src/app/dashboard/page.tsx(7635,41): error TS17004: Cannot use JSX unless the '--jsx' flag is provided.
src/app/dashboard/page.tsx(7642,49): error TS17004: Cannot use JSX unless the '--jsx' flag is provided.
src/app/dashboard/page.tsx(7647,53): error TS17004: Cannot use JSX unless the '--jsx' flag is provided.
src/app/dashboard/page.tsx(7648,57): error TS17004: Cannot use JSX unless the '--jsx' flag is provided.
src/app/dashboard/page.tsx(7649,57): error TS17004: Cannot use JSX unless the '--jsx' flag is provided.
src/app/dashboard/page.tsx(7651,53): error TS17004: Cannot use JSX unless the '--jsx' flag is provided.
src/app/dashboard/page.tsx(7652,53): error TS17004: Cannot use JSX unless the '--jsx' flag is provided.
src/app/dashboard/page.tsx(7654,61): error TS17004: Cannot use JSX unless the '--jsx' flag is provided.
src/app/dashboard/page.tsx(7655,65): error TS17004: Cannot use JSX unless the '--jsx' flag is provided.
src/app/dashboard/page.tsx(7665,33): error TS17004: Cannot use JSX unless the '--jsx' flag is provided.
src/app/dashboard/page.tsx(7666,37): error TS17004: Cannot use JSX unless the '--jsx' flag is provided.
src/app/dashboard/page.tsx(7670,45): error TS17004: Cannot use JSX unless the '--jsx' flag is provided.
src/app/dashboard/page.tsx(7671,49): error TS17004: Cannot use JSX unless the '--jsx' flag is provided.
src/app/dashboard/page.tsx(7673,49): error TS17004: Cannot use JSX unless the '--jsx' flag is provided.
src/app/dashboard/page.tsx(7675,49): error TS17004: Cannot use JSX unless the '--jsx' flag is provided.
src/app/dashboard/page.tsx(7677,49): error TS17004: Cannot use JSX unless the '--jsx' flag is provided.
src/app/dashboard/page.tsx(7679,49): error TS17004: Cannot use JSX unless the '--jsx' flag is provided.
src/app/dashboard/page.tsx(7681,49): error TS17004: Cannot use JSX unless the '--jsx' flag is provided.
src/app/dashboard/page.tsx(7683,49): error TS17004: Cannot use JSX unless the '--jsx' flag is provided.
src/app/dashboard/page.tsx(7692,29): error TS17004: Cannot use JSX unless the '--jsx' flag is provided.
src/app/dashboard/page.tsx(7693,33): error TS17004: Cannot use JSX unless the '--jsx' flag is provided.
src/app/dashboard/page.tsx(7695,33): error TS17004: Cannot use JSX unless the '--jsx' flag is provided.
src/app/dashboard/page.tsx(7698,48): error TS17004: Cannot use JSX unless the '--jsx' flag is provided.
src/app/dashboard/page.tsx(7702,37): error TS17004: Cannot use JSX unless the '--jsx' flag is provided.
src/app/dashboard/page.tsx(7703,41): error TS17004: Cannot use JSX unless the '--jsx' flag is provided.
src/app/dashboard/page.tsx(7707,41): error TS17004: Cannot use JSX unless the '--jsx' flag is provided.
src/app/dashboard/page.tsx(7708,41): error TS17004: Cannot use JSX unless the '--jsx' flag is provided.
src/app/dashboard/page.tsx(7714,29): error TS17004: Cannot use JSX unless the '--jsx' flag is provided.
src/app/dashboard/page.tsx(7715,33): error TS17004: Cannot use JSX unless the '--jsx' flag is provided.
src/app/dashboard/page.tsx(7716,33): error TS17004: Cannot use JSX unless the '--jsx' flag is provided.
src/app/dashboard/page.tsx(7718,41): error TS17004: Cannot use JSX unless the '--jsx' flag is provided.
src/app/dashboard/page.tsx(7719,45): error TS17004: Cannot use JSX unless the '--jsx' flag is provided.
src/app/dashboard/page.tsx(7720,45): error TS17004: Cannot use JSX unless the '--jsx' flag is provided.
src/app/dashboard/page.tsx(7721,49): error TS17004: Cannot use JSX unless the '--jsx' flag is provided.
src/app/dashboard/page.tsx(7722,49): error TS17004: Cannot use JSX unless the '--jsx' flag is provided.
src/app/dashboard/page.tsx(7723,49): error TS17004: Cannot use JSX unless the '--jsx' flag is provided.
src/app/dashboard/page.tsx(7724,49): error TS17004: Cannot use JSX unless the '--jsx' flag is provided.
src/app/dashboard/page.tsx(7725,49): error TS17004: Cannot use JSX unless the '--jsx' flag is provided.
src/app/dashboard/page.tsx(7726,49): error TS17004: Cannot use JSX unless the '--jsx' flag is provided.
src/app/dashboard/page.tsx(7727,53): error TS17004: Cannot use JSX unless the '--jsx' flag is provided.
src/app/dashboard/page.tsx(7728,53): error TS17004: Cannot use JSX unless the '--jsx' flag is provided.
src/app/dashboard/page.tsx(7734,41): error TS17004: Cannot use JSX unless the '--jsx' flag is provided.
src/app/dashboard/page.tsx(7762,21): error TS17004: Cannot use JSX unless the '--jsx' flag is provided.
src/app/dashboard/page.tsx(7763,25): error TS17004: Cannot use JSX unless the '--jsx' flag is provided.
src/app/dashboard/page.tsx(7765,29): error TS17004: Cannot use JSX unless the '--jsx' flag is provided.
src/app/dashboard/page.tsx(7766,33): error TS17004: Cannot use JSX unless the '--jsx' flag is provided.
src/app/dashboard/page.tsx(7767,33): error TS17004: Cannot use JSX unless the '--jsx' flag is provided.
src/app/dashboard/page.tsx(7768,33): error TS17004: Cannot use JSX unless the '--jsx' flag is provided.
src/app/dashboard/page.tsx(7772,29): error TS17004: Cannot use JSX unless the '--jsx' flag is provided.
src/app/dashboard/page.tsx(7775,37): error TS17004: Cannot use JSX unless the '--jsx' flag is provided.
src/app/dashboard/page.tsx(7776,41): error TS17004: Cannot use JSX unless the '--jsx' flag is provided.
src/app/dashboard/page.tsx(7777,41): error TS17004: Cannot use JSX unless the '--jsx' flag is provided.
src/app/dashboard/page.tsx(7780,41): error TS17004: Cannot use JSX unless the '--jsx' flag is provided.
src/app/dashboard/page.tsx(7785,33): error TS17004: Cannot use JSX unless the '--jsx' flag is provided.
src/app/dashboard/page.tsx(7786,37): error TS17004: Cannot use JSX unless the '--jsx' flag is provided.
src/app/dashboard/page.tsx(7787,41): error TS17004: Cannot use JSX unless the '--jsx' flag is provided.
src/app/dashboard/page.tsx(7788,41): error TS17004: Cannot use JSX unless the '--jsx' flag is provided.
src/app/dashboard/page.tsx(7790,37): error TS17004: Cannot use JSX unless the '--jsx' flag is provided.
src/app/dashboard/page.tsx(7791,41): error TS17004: Cannot use JSX unless the '--jsx' flag is provided.
src/app/dashboard/page.tsx(7792,41): error TS17004: Cannot use JSX unless the '--jsx' flag is provided.
src/app/dashboard/page.tsx(7794,37): error TS17004: Cannot use JSX unless the '--jsx' flag is provided.
src/app/dashboard/page.tsx(7795,41): error TS17004: Cannot use JSX unless the '--jsx' flag is provided.
src/app/dashboard/page.tsx(7796,41): error TS17004: Cannot use JSX unless the '--jsx' flag is provided.
src/app/dashboard/page.tsx(7801,33): error TS17004: Cannot use JSX unless the '--jsx' flag is provided.
src/app/dashboard/page.tsx(7802,37): error TS17004: Cannot use JSX unless the '--jsx' flag is provided.
src/app/dashboard/page.tsx(7803,41): error TS17004: Cannot use JSX unless the '--jsx' flag is provided.
src/app/dashboard/page.tsx(7804,45): error TS17004: Cannot use JSX unless the '--jsx' flag is provided.
src/app/dashboard/page.tsx(7805,45): error TS17004: Cannot use JSX unless the '--jsx' flag is provided.
src/app/dashboard/page.tsx(7805,110): error TS17004: Cannot use JSX unless the '--jsx' flag is provided.
src/app/dashboard/page.tsx(7807,41): error TS17004: Cannot use JSX unless the '--jsx' flag is provided.
src/app/dashboard/page.tsx(7808,45): error TS17004: Cannot use JSX unless the '--jsx' flag is provided.
src/app/dashboard/page.tsx(7809,45): error TS17004: Cannot use JSX unless the '--jsx' flag is provided.
src/app/dashboard/page.tsx(7813,37): error TS17004: Cannot use JSX unless the '--jsx' flag is provided.
src/app/dashboard/page.tsx(7814,41): error TS17004: Cannot use JSX unless the '--jsx' flag is provided.
src/app/dashboard/page.tsx(7817,37): error TS17004: Cannot use JSX unless the '--jsx' flag is provided.
src/app/dashboard/page.tsx(7819,45): error TS17004: Cannot use JSX unless the '--jsx' flag is provided.
src/app/dashboard/page.tsx(7820,49): error TS17004: Cannot use JSX unless the '--jsx' flag is provided.
src/app/dashboard/page.tsx(7821,49): error TS17004: Cannot use JSX unless the '--jsx' flag is provided.
src/app/dashboard/page.tsx(7828,33): error TS17004: Cannot use JSX unless the '--jsx' flag is provided.
src/app/dashboard/page.tsx(7829,37): error TS17004: Cannot use JSX unless the '--jsx' flag is provided.
src/app/dashboard/page.tsx(7830,37): error TS17004: Cannot use JSX unless the '--jsx' flag is provided.
src/app/dashboard/page.tsx(7831,41): error TS17004: Cannot use JSX unless the '--jsx' flag is provided.
src/app/dashboard/page.tsx(7832,41): error TS17004: Cannot use JSX unless the '--jsx' flag is provided.
src/app/dashboard/page.tsx(7837,33): error TS17004: Cannot use JSX unless the '--jsx' flag is provided.
src/app/dashboard/page.tsx(7838,37): error TS17004: Cannot use JSX unless the '--jsx' flag is provided.
src/app/dashboard/page.tsx(7840,59): error TS17004: Cannot use JSX unless the '--jsx' flag is provided.
src/app/dashboard/page.tsx(7843,41): error TS17004: Cannot use JSX unless the '--jsx' flag is provided.
src/app/dashboard/page.tsx(7845,41): error TS17004: Cannot use JSX unless the '--jsx' flag is provided.
src/app/dashboard/page.tsx(7846,45): error TS17004: Cannot use JSX unless the '--jsx' flag is provided.
src/app/dashboard/page.tsx(7847,45): error TS17004: Cannot use JSX unless the '--jsx' flag is provided.
src/app/dashboard/page.tsx(7848,45): error TS17004: Cannot use JSX unless the '--jsx' flag is provided.
src/app/dashboard/page.tsx(7855,37): error TS17004: Cannot use JSX unless the '--jsx' flag is provided.
src/app/dashboard/page.tsx(7856,41): error TS17004: Cannot use JSX unless the '--jsx' flag is provided.
src/app/dashboard/page.tsx(7857,41): error TS17004: Cannot use JSX unless the '--jsx' flag is provided.
src/app/dashboard/page.tsx(7858,45): error TS17004: Cannot use JSX unless the '--jsx' flag is provided.
src/app/dashboard/page.tsx(7861,45): error TS17004: Cannot use JSX unless the '--jsx' flag is provided.
src/app/dashboard/page.tsx(7864,45): error TS17004: Cannot use JSX unless the '--jsx' flag is provided.
src/app/dashboard/page.tsx(7867,45): error TS17004: Cannot use JSX unless the '--jsx' flag is provided.
src/app/dashboard/page.tsx(7868,49): error TS17004: Cannot use JSX unless the '--jsx' flag is provided.
src/app/dashboard/page.tsx(7869,49): error TS17004: Cannot use JSX unless the '--jsx' flag is provided.
src/app/dashboard/page.tsx(7877,29): error TS17004: Cannot use JSX unless the '--jsx' flag is provided.
src/app/dashboard/page.tsx(7881,37): error TS17004: Cannot use JSX unless the '--jsx' flag is provided.
src/app/dashboard/page.tsx(7882,41): error TS17004: Cannot use JSX unless the '--jsx' flag is provided.
src/app/dashboard/page.tsx(7892,41): error TS17004: Cannot use JSX unless the '--jsx' flag is provided.
src/app/dashboard/page.tsx(7900,37): error TS17004: Cannot use JSX unless the '--jsx' flag is provided.
src/app/dashboard/page.tsx(7913,13): error TS17004: Cannot use JSX unless the '--jsx' flag is provided.
src/app/dashboard/page.tsx(7915,13): error TS17004: Cannot use JSX unless the '--jsx' flag is provided.
src/app/dashboard/page.tsx(7916,17): error TS17004: Cannot use JSX unless the '--jsx' flag is provided.
src/app/dashboard/page.tsx(7917,21): error TS17004: Cannot use JSX unless the '--jsx' flag is provided.
src/app/dashboard/page.tsx(7918,25): error TS17004: Cannot use JSX unless the '--jsx' flag is provided.
src/app/dashboard/page.tsx(7919,25): error TS17004: Cannot use JSX unless the '--jsx' flag is provided.
src/app/dashboard/page.tsx(7920,25): error TS17004: Cannot use JSX unless the '--jsx' flag is provided.
src/app/dashboard/page.tsx(7923,21): error TS17004: Cannot use JSX unless the '--jsx' flag is provided.
src/app/dashboard/page.tsx(7925,21): error TS17004: Cannot use JSX unless the '--jsx' flag is provided.
src/app/dashboard/page.tsx(7926,25): error TS17004: Cannot use JSX unless the '--jsx' flag is provided.
src/app/dashboard/page.tsx(7932,13): error TS17004: Cannot use JSX unless the '--jsx' flag is provided.
src/app/dashboard/page.tsx(7933,17): error TS17004: Cannot use JSX unless the '--jsx' flag is provided.
src/app/dashboard/page.tsx(7934,21): error TS17004: Cannot use JSX unless the '--jsx' flag is provided.
src/app/dashboard/page.tsx(7936,25): error TS17004: Cannot use JSX unless the '--jsx' flag is provided.
src/app/dashboard/page.tsx(7938,25): error TS17004: Cannot use JSX unless the '--jsx' flag is provided.
src/app/dashboard/page.tsx(7939,29): error TS17004: Cannot use JSX unless the '--jsx' flag is provided.
src/app/dashboard/page.tsx(7942,25): error TS17004: Cannot use JSX unless the '--jsx' flag is provided.
src/app/dashboard/page.tsx(7943,29): error TS17004: Cannot use JSX unless the '--jsx' flag is provided.
src/app/dashboard/page.tsx(7944,33): error TS17004: Cannot use JSX unless the '--jsx' flag is provided.
src/app/dashboard/page.tsx(7946,29): error TS17004: Cannot use JSX unless the '--jsx' flag is provided.
src/app/dashboard/page.tsx(7947,29): error TS17004: Cannot use JSX unless the '--jsx' flag is provided.
src/app/dashboard/page.tsx(7951,21): error TS17004: Cannot use JSX unless the '--jsx' flag is provided.
src/app/dashboard/page.tsx(7953,25): error TS17004: Cannot use JSX unless the '--jsx' flag is provided.
src/app/dashboard/page.tsx(7954,29): error TS17004: Cannot use JSX unless the '--jsx' flag is provided.
src/app/dashboard/page.tsx(7955,29): error TS17004: Cannot use JSX unless the '--jsx' flag is provided.
src/app/dashboard/page.tsx(7956,33): error TS17004: Cannot use JSX unless the '--jsx' flag is provided.
src/app/dashboard/page.tsx(7957,37): error TS17004: Cannot use JSX unless the '--jsx' flag is provided.
src/app/dashboard/page.tsx(7958,37): error TS17004: Cannot use JSX unless the '--jsx' flag is provided.
src/app/dashboard/page.tsx(7960,33): error TS17004: Cannot use JSX unless the '--jsx' flag is provided.
src/app/dashboard/page.tsx(7961,37): error TS17004: Cannot use JSX unless the '--jsx' flag is provided.
src/app/dashboard/page.tsx(7962,37): error TS17004: Cannot use JSX unless the '--jsx' flag is provided.
src/app/dashboard/page.tsx(7963,41): error TS17004: Cannot use JSX unless the '--jsx' flag is provided.
src/app/dashboard/page.tsx(7964,41): error TS17004: Cannot use JSX unless the '--jsx' flag is provided.
src/app/dashboard/page.tsx(7967,33): error TS17004: Cannot use JSX unless the '--jsx' flag is provided.
src/app/dashboard/page.tsx(7968,37): error TS17004: Cannot use JSX unless the '--jsx' flag is provided.
src/app/dashboard/page.tsx(7969,41): error TS17004: Cannot use JSX unless the '--jsx' flag is provided.
src/app/dashboard/page.tsx(7970,41): error TS17004: Cannot use JSX unless the '--jsx' flag is provided.
src/app/dashboard/page.tsx(7976,25): error TS17004: Cannot use JSX unless the '--jsx' flag is provided.
src/app/dashboard/page.tsx(7977,29): error TS17004: Cannot use JSX unless the '--jsx' flag is provided.
src/app/dashboard/page.tsx(7978,29): error TS17004: Cannot use JSX unless the '--jsx' flag is provided.
src/app/dashboard/page.tsx(7979,33): error TS17004: Cannot use JSX unless the '--jsx' flag is provided.
src/app/dashboard/page.tsx(7980,33): error TS17004: Cannot use JSX unless the '--jsx' flag is provided.
src/app/dashboard/page.tsx(7981,37): error TS17004: Cannot use JSX unless the '--jsx' flag is provided.
src/app/dashboard/page.tsx(7982,37): error TS17004: Cannot use JSX unless the '--jsx' flag is provided.
src/app/dashboard/page.tsx(7987,25): error TS17004: Cannot use JSX unless the '--jsx' flag is provided.
src/app/dashboard/page.tsx(7988,29): error TS17004: Cannot use JSX unless the '--jsx' flag is provided.
src/app/dashboard/page.tsx(7989,29): error TS17004: Cannot use JSX unless the '--jsx' flag is provided.
src/app/dashboard/page.tsx(7990,33): error TS17004: Cannot use JSX unless the '--jsx' flag is provided.
src/app/dashboard/page.tsx(7991,33): error TS17004: Cannot use JSX unless the '--jsx' flag is provided.
src/app/dashboard/page.tsx(7992,37): error TS17004: Cannot use JSX unless the '--jsx' flag is provided.
src/app/dashboard/page.tsx(7993,37): error TS17004: Cannot use JSX unless the '--jsx' flag is provided.
src/app/dashboard/page.tsx(7998,25): error TS17004: Cannot use JSX unless the '--jsx' flag is provided.
src/app/dashboard/page.tsx(7999,29): error TS17004: Cannot use JSX unless the '--jsx' flag is provided.
src/app/dashboard/page.tsx(8000,29): error TS17004: Cannot use JSX unless the '--jsx' flag is provided.
src/app/dashboard/page.tsx(8001,33): error TS17004: Cannot use JSX unless the '--jsx' flag is provided.
src/app/dashboard/page.tsx(8002,33): error TS17004: Cannot use JSX unless the '--jsx' flag is provided.
src/app/dashboard/page.tsx(8003,37): error TS17004: Cannot use JSX unless the '--jsx' flag is provided.
src/app/dashboard/page.tsx(8004,37): error TS17004: Cannot use JSX unless the '--jsx' flag is provided.
src/app/dashboard/page.tsx(8009,25): error TS17004: Cannot use JSX unless the '--jsx' flag is provided.
src/app/dashboard/page.tsx(8010,29): error TS17004: Cannot use JSX unless the '--jsx' flag is provided.
src/app/dashboard/page.tsx(8011,29): error TS17004: Cannot use JSX unless the '--jsx' flag is provided.
src/app/dashboard/page.tsx(8012,33): error TS17004: Cannot use JSX unless the '--jsx' flag is provided.
src/app/dashboard/page.tsx(8013,33): error TS17004: Cannot use JSX unless the '--jsx' flag is provided.
src/app/dashboard/page.tsx(8014,37): error TS17004: Cannot use JSX unless the '--jsx' flag is provided.
src/app/dashboard/page.tsx(8015,37): error TS17004: Cannot use JSX unless the '--jsx' flag is provided.
src/app/dashboard/page.tsx(8021,21): error TS17004: Cannot use JSX unless the '--jsx' flag is provided.
src/app/dashboard/page.tsx(8022,25): error TS17004: Cannot use JSX unless the '--jsx' flag is provided.
src/app/dashboard/page.tsx(8023,25): error TS17004: Cannot use JSX unless the '--jsx' flag is provided.
src/app/dashboard/page.tsx(8031,13): error TS17004: Cannot use JSX unless the '--jsx' flag is provided.
src/app/dashboard/page.tsx(8033,21): error TS17004: Cannot use JSX unless the '--jsx' flag is provided.
src/app/dashboard/page.tsx(8040,25): error TS17004: Cannot use JSX unless the '--jsx' flag is provided.
src/app/dashboard/page.tsx(8048,29): error TS17004: Cannot use JSX unless the '--jsx' flag is provided.
src/app/dashboard/page.tsx(8049,29): error TS17004: Cannot use JSX unless the '--jsx' flag is provided.
src/app/dashboard/page.tsx(8050,29): error TS17004: Cannot use JSX unless the '--jsx' flag is provided.
src/app/dashboard/page.tsx(8052,29): error TS17004: Cannot use JSX unless the '--jsx' flag is provided.
src/app/dashboard/page.tsx(8055,37): error TS17004: Cannot use JSX unless the '--jsx' flag is provided.
src/app/dashboard/page.tsx(8057,45): error TS17004: Cannot use JSX unless the '--jsx' flag is provided.
src/app/dashboard/page.tsx(8058,49): error TS17004: Cannot use JSX unless the '--jsx' flag is provided.
src/app/dashboard/page.tsx(8059,49): error TS17004: Cannot use JSX unless the '--jsx' flag is provided.
src/app/dashboard/page.tsx(8060,53): error TS17004: Cannot use JSX unless the '--jsx' flag is provided.
src/app/dashboard/page.tsx(8061,53): error TS17004: Cannot use JSX unless the '--jsx' flag is provided.
src/app/dashboard/page.tsx(8065,45): error TS17004: Cannot use JSX unless the '--jsx' flag is provided.
src/app/dashboard/page.tsx(8069,49): error TS17004: Cannot use JSX unless the '--jsx' flag is provided.
src/app/dashboard/page.tsx(8070,53): error TS17004: Cannot use JSX unless the '--jsx' flag is provided.
src/app/dashboard/page.tsx(8073,53): error TS17004: Cannot use JSX unless the '--jsx' flag is provided.
src/app/dashboard/page.tsx(8074,57): error TS17004: Cannot use JSX unless the '--jsx' flag is provided.
src/app/dashboard/page.tsx(8075,57): error TS17004: Cannot use JSX unless the '--jsx' flag is provided.
src/app/dashboard/page.tsx(8076,57): error TS17004: Cannot use JSX unless the '--jsx' flag is provided.
src/app/dashboard/page.tsx(8077,61): error TS17004: Cannot use JSX unless the '--jsx' flag is provided.
src/app/dashboard/page.tsx(8080,61): error TS17004: Cannot use JSX unless the '--jsx' flag is provided.
src/app/dashboard/page.tsx(8085,53): error TS17004: Cannot use JSX unless the '--jsx' flag is provided.
src/app/dashboard/page.tsx(8089,57): error TS17004: Cannot use JSX unless the '--jsx' flag is provided.
src/app/dashboard/page.tsx(8099,37): error TS17004: Cannot use JSX unless the '--jsx' flag is provided.
src/app/dashboard/page.tsx(8104,41): error TS17004: Cannot use JSX unless the '--jsx' flag is provided.
src/app/dashboard/page.tsx(8105,45): error TS17004: Cannot use JSX unless the '--jsx' flag is provided.
src/app/dashboard/page.tsx(8107,41): error TS17004: Cannot use JSX unless the '--jsx' flag is provided.
src/app/dashboard/page.tsx(8108,45): error TS17004: Cannot use JSX unless the '--jsx' flag is provided.
src/app/dashboard/page.tsx(8109,45): error TS17004: Cannot use JSX unless the '--jsx' flag is provided.
src/app/dashboard/page.tsx(8115,29): error TS17004: Cannot use JSX unless the '--jsx' flag is provided.
src/app/dashboard/page.tsx(8127,13): error TS17004: Cannot use JSX unless the '--jsx' flag is provided.
src/app/dashboard/page.tsx(8138,17): error TS17004: Cannot use JSX unless the '--jsx' flag is provided.
src/app/dashboard/page.tsx(8147,13): error TS17004: Cannot use JSX unless the '--jsx' flag is provided.
src/app/dashboard/page.tsx(8152,13): error TS17004: Cannot use JSX unless the '--jsx' flag is provided.
src/lib/engine/simulation.ts(741,21): error TS2367: This comparison appears to be unintentional because the types '"legal"' and '"cto"' have no overlap.
src/lib/engine/simulation.ts(742,21): error TS2367: This comparison appears to be unintentional because the types '"legal"' and '"cmo"' have no overlap.
src/lib/engine/simulation.ts(743,21): error TS2367: This comparison appears to be unintentional because the types '"legal"' and '"coo"' have no overlap.
